income,gender,facebookvisit,distance,cust_age,purchase,numoffriends,numofposts,PublicProfile
15,0,0,3,45,12,102,128,0
8,0,1,2,43,14,110,219,0
11,1,0,2,42,10,86,219,0
13,0,0,3,37,19,96,215,0
14,0,0,1,36,11,84,205,0
12,0,0,1,29,10,96,244,0
12,0,0,0,26,8,106,197,0
12,0,1,2,31,13,118,159,0
9,1,0,2,35,12,45,279,1
10,0,0,2,29,13,103,164,0
12,0,0,2,36,10,74,182,0
12,1,0,2,31,11,96,260,0
10,1,1,1,40,11,139,214,0
10,0,0,3,45,9,122,216,0
9,0,0,3,28,14,95,239,0
16,0,0,1,33,13,73,272,0
1,1,1,2,40,11,130,225,0
16,0,1,4,30,17,110,248,1
11,0,0,1,28,10,96,220,0
10,0,0,0,32,8,92,201,0
12,0,0,3,45,17,97,166,1
16,0,0,1,33,9,87,181,0
4,1,1,3,45,12,148,221,0
12,0,0,1,45,12,125,231,0
13,0,0,1,38,10,88,188,0
12,0,0,4,32,13,92,153,0
12,0,0,3,25,17,77,201,0
14,0,0,0,35,15,87,274,0
9,0,1,4,32,13,106,166,0
8,0,1,5,32,16,94,204,1
16,0,0,2,39,12,111,216,0
16,0,0,2,44,17,124,217,0
6,0,0,1,31,9,127,250,0
11,0,0,2,30,13,97,199,1
14,0,0,2,28,12,115,231,1
10,1,1,3,45,17,122,213,0
14,0,0,1,28,13,78,194,1
12,1,0,1,38,9,103,201,1
16,1,0,1,36,23,83,182,0
8,0,1,3,45,13,156,168,1
8,0,0,3,45,13,65,187,0
12,0,1,0,34,10,124,292,0
6,1,0,0,27,8,145,197,0
15,0,0,3,35,17,112,188,1
6,0,1,2,43,14,113,234,0
14,1,1,4,27,15,130,213,1
14,0,0,3,32,28,114,167,0
12,0,0,2,30,13,106,173,1
2,0,1,3,37,13,127,194,0
8,0,0,0,35,8,123,181,0
9,1,1,3,26,13,150,151,0
10,1,1,1,44,12,162,162,0
8,0,0,1,41,21,90,142,0
12,0,1,6,26,26,124,209,0
14,0,1,3,31,20,145,167,0
14,0,0,4,32,19,76,225,0
5,1,1,6,30,13,139,243,0
14,0,0,3,26,14,93,199,0
8,0,0,3,31,14,100,234,0
8,0,0,0,36,14,107,309,0
8,0,0,1,34,18,109,214,0
13,0,0,2,33,13,78,277,0
12,0,0,0,26,11,104,173,1
12,0,0,1,25,16,131,186,1
10,1,0,0,26,8,115,201,0
6,0,1,2,30,11,130,204,0
5,0,1,6,30,16,175,193,0
12,0,0,0,26,8,86,227,0
12,0,1,1,33,11,156,266,0
11,0,1,2,34,16,126,197,0
12,0,0,2,34,13,126,153,1
14,0,0,0,37,10,105,259,0
3,1,0,3,31,16,91,164,1
17,0,0,1,43,18,93,191,0
16,0,0,3,34,30,77,191,0
17,0,0,2,40,11,97,234,0
12,0,0,2,40,14,104,227,0
12,0,0,1,27,13,127,167,0
6,1,0,2,29,15,135,165,0
17,0,0,2,25,20,98,165,0
2,0,0,1,37,12,123,185,0
0,0,1,1,25,18,119,162,1
6,1,1,1,36,12,149,212,0
16,0,0,1,29,19,109,230,0
6,0,1,2,45,8,121,259,1
2,0,0,1,45,9,103,150,0
12,0,1,3,27,10,134,100,0
14,0,1,2,45,8,173,213,0
10,0,1,2,30,23,119,219,1
13,0,1,4,27,17,143,234,0
12,1,1,0,29,14,115,239,0
11,0,0,1,33,13,110,248,0
11,0,0,1,30,8,107,236,0
12,0,0,0,26,17,98,167,0
11,0,0,2,27,10,81,193,0
12,1,1,3,40,19,141,203,0
17,0,0,3,25,14,88,176,1
8,1,1,1,33,25,144,246,1
13,0,1,2,44,21,177,231,1
12,0,1,3,45,11,141,206,1
17,0,0,1,45,22,113,223,0
12,1,1,2,27,152,118,281,0
8,1,1,2,43,10,127,194,0
5,1,0,4,40,10,124,234,0
12,0,0,1,26,11,99,211,0
12,0,0,2,27,11,89,246,0
5,1,1,5,41,14,132,256,0
1,1,1,2,29,11,118,253,0
12,0,0,2,45,16,115,169,0
12,0,0,0,38,12,91,206,1
12,0,0,0,44,10,85,196,0
12,1,0,3,38,23,79,224,1
12,0,1,3,35,14,107,180,1
15,0,0,1,36,18,83,137,0
16,0,0,1,33,10,90,200,1
6,1,1,3,45,13,122,249,1
16,0,0,1,33,9,90,195,1
17,0,1,2,31,10,152,228,0
17,0,0,4,35,9,122,159,1
12,0,1,3,39,10,132,219,0
6,1,0,1,28,15,62,191,1
12,0,0,0,31,10,111,217,0
12,0,0,2,26,18,80,177,0
10,0,1,2,45,16,145,200,0
13,0,0,1,27,9,109,161,0
4,0,0,2,32,28,118,167,1
13,0,0,1,30,8,98,154,0
16,0,0,0,35,8,114,161,0
13,0,1,2,37,13,134,140,0
10,0,0,2,33,13,78,165,0
10,1,1,3,41,11,148,226,0
12,0,1,1,39,14,132,186,1
16,0,0,2,40,21,122,193,0
16,0,0,1,37,18,130,162,0
7,0,1,2,30,11,119,208,1
12,0,0,3,26,31,98,209,0
12,0,1,1,32,47,133,188,0
6,0,0,0,29,9,111,212,0
8,0,0,1,34,9,88,234,0
16,0,1,4,35,26,98,190,0
12,0,1,1,35,19,119,169,0
12,1,1,0,45,10,115,225,0
12,0,0,2,45,17,115,123,1
16,0,1,4,33,29,122,208,0
16,0,0,0,33,11,83,173,0
6,1,0,0,30,8,61,277,0
0,0,0,2,25,10,131,249,1
0,0,1,1,38,12,137,176,0
8,0,1,3,44,26,80,208,1
12,0,1,1,28,11,131,274,0
12,0,1,2,27,20,128,240,1
17,0,0,2,32,18,97,215,0
12,0,0,1,30,10,99,175,1
7,0,0,1,30,11,103,182,0
13,0,0,2,25,10,110,189,0
8,0,0,3,32,14,94,194,0
12,0,1,3,45,15,116,280,0
12,0,0,1,45,13,107,211,0
17,0,0,1,29,10,91,179,1
12,0,1,2,25,21,106,249,0
12,1,1,3,45,11,126,253,1
4,1,1,4,45,22,121,221,0
9,1,1,2,35,9,121,234,1
12,0,0,4,29,23,49,167,1
10,0,0,2,33,10,81,182,1
12,0,0,1,33,10,90,161,1
15,0,0,0,27,8,59,190,1
14,0,1,2,30,8,107,230,1
16,0,0,0,37,26,74,300,0
14,0,0,2,41,19,70,174,0
12,0,0,1,40,10,84,173,0
2,1,1,5,44,23,165,197,1
4,1,1,3,40,32,142,219,0
10,0,0,1,32,21,110,179,0
6,0,0,1,36,10,108,221,0
17,0,0,1,27,26,89,253,1
17,0,0,0,27,17,117,142,0
12,0,0,0,26,8,108,191,0
14,0,0,1,26,11,119,168,0
10,0,1,0,45,10,131,279,0
11,0,1,3,36,16,106,201,0
16,0,0,0,29,12,138,165,0
10,0,1,1,45,8,129,209,0
6,0,0,3,31,14,108,186,0
12,0,1,3,34,12,127,198,0
11,0,0,0,33,12,103,220,0
12,0,0,2,32,18,134,275,1
17,0,1,1,45,19,118,245,0
17,0,1,1,45,15,135,269,0
13,0,1,1,25,35,137,243,0
16,0,0,3,32,15,99,215,0
17,0,1,4,37,19,158,240,0
16,0,0,1,42,11,88,153,0
17,0,0,2,44,16,148,221,0
12,0,0,2,40,10,118,212,0
10,1,0,4,39,21,109,169,0
6,1,1,2,37,14,146,213,0
14,0,1,3,43,43,136,230,0
11,0,0,2,40,13,109,151,0
7,0,0,3,36,15,110,194,0
15,1,1,4,36,26,136,235,0
15,0,0,0,26,13,118,231,1
8,0,0,0,43,9,70,188,1
12,0,0,0,41,9,84,211,0
11,0,1,1,34,18,113,261,0
12,0,0,1,25,10,80,204,0
12,0,0,2,27,17,113,217,0
16,0,1,3,44,8,152,192,0
12,0,1,1,43,9,145,275,0
9,0,1,2,44,21,115,236,0
15,0,1,3,45,27,101,229,1
12,0,0,2,33,18,71,223,0
13,0,0,3,39,22,112,172,0
14,0,0,1,34,16,96,178,0
5,1,1,1,38,10,86,249,1
1,0,0,3,31,14,101,234,0
6,0,0,2,32,19,90,202,0
4,0,0,2,33,13,91,228,0
12,0,0,1,45,12,145,167,0
14,0,0,0,29,10,107,147,0
14,0,0,1,37,11,83,172,0
0,1,1,2,34,22,125,164,0
16,0,0,2,38,8,109,231,0
4,0,0,2,45,14,98,188,0
12,0,0,1,35,11,85,182,0
12,0,0,2,39,9,124,236,1
17,0,0,1,28,14,64,236,0
14,0,0,0,25,13,157,115,0
16,0,1,4,35,21,144,185,1
12,0,0,3,26,18,138,244,0
12,0,0,3,25,25,138,170,0
12,0,1,0,45,8,120,154,0
12,0,1,1,43,17,150,190,0
12,0,0,1,43,14,109,160,1
8,0,1,5,31,23,152,246,1
5,0,0,1,25,16,93,244,1
6,0,0,2,35,23,117,195,0
5,0,0,0,28,8,121,148,0
8,1,1,3,25,11,128,119,0
6,1,0,2,41,20,107,194,1
11,1,1,3,33,25,98,186,0
2,0,1,2,43,14,107,255,1
14,1,0,3,25,15,126,195,1
12,0,0,4,32,11,113,205,0
17,0,0,2,32,12,87,234,0
15,0,0,0,35,10,118,143,1
16,0,0,0,36,10,127,136,0
8,1,1,3,36,19,112,230,1
16,0,0,1,27,46,96,189,1
12,0,0,0,40,11,124,188,0
11,0,0,2,40,23,94,227,1
8,0,1,5,45,9,108,205,0
13,0,0,3,34,21,99,182,1
12,0,1,2,32,24,146,249,1
13,0,0,2,44,10,114,173,0
13,0,0,1,37,10,117,164,0
12,0,0,3,30,23,79,159,0
17,0,0,1,32,11,73,211,0
16,0,0,0,29,11,96,200,1
12,0,1,5,32,28,128,214,0
8,0,0,1,35,14,112,187,0
12,0,0,4,33,20,122,192,0
12,0,0,2,33,16,110,206,1
13,0,0,0,29,8,101,211,0
12,0,0,1,29,11,104,166,0
9,0,0,2,31,13,95,192,0
12,0,1,2,39,17,135,230,0
12,0,0,0,36,11,98,228,1
13,1,1,0,34,9,120,182,0
12,0,0,1,38,21,98,173,1
8,0,1,2,37,8,144,197,0
11,0,0,1,38,13,116,188,0
11,1,1,1,30,8,125,212,1
7,0,0,4,42,22,93,124,0
11,0,0,2,42,9,113,237,1
8,0,0,0,26,8,88,171,0
15,0,0,4,26,12,113,191,0
13,1,1,2,26,13,116,206,0
9,0,1,1,45,11,95,233,0
17,0,0,2,32,19,106,190,1
13,0,0,4,44,11,98,200,1
8,0,0,0,42,8,137,168,0
11,0,0,1,39,11,82,185,0
11,1,0,0,35,9,86,139,0
2,0,1,3,45,19,148,271,0
3,0,1,2,38,22,143,233,1
16,1,0,1,39,11,115,149,0
12,1,0,1,35,32,85,178,1
12,0,1,0,34,18,114,199,0
12,0,1,4,33,23,109,135,0
14,0,1,2,45,11,110,183,0
9,0,0,1,26,8,115,146,0
6,0,1,1,45,14,132,240,0
14,0,0,0,31,16,90,213,0
16,0,0,1,31,26,136,198,0
14,0,1,5,43,26,121,289,1
15,0,1,4,28,22,124,154,0
16,0,0,1,32,10,106,200,0
14,0,0,1,31,13,90,190,0
5,1,0,2,45,23,158,136,1
0,1,0,3,37,19,94,158,0
11,1,0,2,27,14,119,176,0
6,0,0,2,28,14,102,201,0
4,0,0,1,25,12,114,182,0
11,0,0,0,33,11,109,223,1
12,0,0,1,39,8,101,195,0
16,0,0,0,36,12,73,178,1
12,0,1,3,28,24,133,231,0
12,0,1,3,42,25,109,208,0
12,0,1,1,38,14,125,232,0
8,1,1,3,33,10,128,212,0
12,0,0,2,29,10,102,179,0
12,0,1,4,44,19,143,142,0
11,0,0,3,27,19,95,224,1
6,1,0,3,29,21,118,207,1
8,0,0,2,38,26,97,179,0
8,0,0,1,26,15,99,183,1
16,0,1,1,44,17,146,237,0
0,1,1,5,27,17,132,273,0
10,1,0,1,40,10,63,219,0
12,0,1,0,31,8,148,234,0
17,1,0,1,41,9,123,261,0
0,1,1,2,40,10,140,278,0
6,1,0,1,35,8,135,168,1
12,0,0,5,40,41,138,172,0
11,0,0,2,44,35,86,193,0
17,0,1,5,45,20,119,222,0
11,0,0,3,26,9,73,209,0
9,0,0,0,45,8,124,202,0
7,0,1,4,28,40,119,186,1
11,0,1,5,26,46,198,223,1
12,1,1,5,42,40,128,275,0
16,1,1,4,43,35,129,210,0
12,0,1,2,34,13,120,246,0
12,0,0,2,29,15,119,207,0
13,0,0,2,43,24,107,200,1
12,0,0,0,33,10,70,213,1
17,0,0,0,32,15,135,143,1
12,0,1,4,33,26,116,206,1
12,0,0,0,28,15,111,183,0
8,1,1,3,31,18,118,191,1
14,0,0,1,38,11,102,211,0
12,0,0,1,34,10,67,154,1
12,0,1,1,39,12,129,282,1
12,0,0,2,45,12,122,154,0
17,0,0,1,25,8,90,229,1
11,0,1,1,40,12,145,245,0
6,1,1,3,33,15,92,197,1
4,1,1,2,31,13,123,281,0
12,0,0,1,25,12,99,165,1
12,0,0,1,26,11,113,256,0
8,0,1,1,31,11,126,155,0
14,0,0,0,31,8,109,230,0
4,0,0,1,38,8,73,209,1
8,0,0,2,33,13,56,239,0
10,0,0,1,36,17,105,236,0
12,0,1,2,34,10,130,200,0
12,0,0,2,34,12,90,236,0
12,0,1,5,42,19,129,209,1
11,0,0,1,29,9,106,172,1
8,0,0,0,29,16,135,205,0
12,0,0,1,36,9,78,197,1
12,0,0,1,33,14,86,149,0
16,0,0,2,39,11,80,271,0
16,0,0,3,38,24,74,179,0
9,0,0,1,26,11,110,103,0
12,0,1,1,45,10,138,213,0
12,0,0,1,45,19,84,223,0
10,0,1,2,45,12,147,221,0
10,0,1,3,45,13,148,286,0
7,0,0,2,27,19,115,210,1
11,0,0,0,26,11,58,209,0
9,0,0,4,30,23,99,224,1
11,0,0,2,36,15,88,207,0
12,0,0,3,34,12,125,107,0
11,0,0,4,27,15,79,202,0
11,0,0,2,26,24,127,172,0
12,0,1,3,41,17,123,250,0
15,0,0,2,27,11,66,197,0
12,0,0,3,27,12,104,177,0
12,0,0,2,29,16,108,188,1
7,0,1,1,29,8,152,215,0
10,0,0,2,25,19,65,215,1
12,1,0,2,33,8,78,235,1
11,0,1,2,39,23,142,203,0
12,0,1,4,28,56,148,195,0
12,0,0,1,33,15,116,223,0
8,0,1,3,39,21,136,170,1
12,0,0,2,32,8,87,224,1
12,0,0,3,31,67,93,197,1
0,1,1,2,25,10,131,269,0
17,0,0,1,26,13,84,209,0
12,0,0,1,29,11,97,270,0
17,0,0,1,26,10,105,162,0
17,0,0,0,33,13,118,213,0
15,0,1,5,34,22,131,218,0
11,1,1,4,29,15,128,232,0
5,1,1,4,31,20,126,209,1
10,0,0,2,32,9,99,197,0
16,0,0,1,38,12,109,181,1
12,0,0,0,34,14,103,189,0
4,0,0,4,38,15,94,212,0
8,0,0,1,27,8,103,135,1
12,0,0,3,26,28,75,198,1
8,1,0,1,30,9,87,161,0
17,0,0,0,26,12,132,174,0
17,0,0,3,39,16,78,212,0
12,0,1,3,45,12,121,244,1
7,1,1,4,32,17,140,183,1
14,0,0,1,32,11,120,183,0
13,0,1,4,25,23,128,220,1
12,1,1,3,28,21,118,196,1
11,0,0,4,30,20,131,174,0
12,0,0,2,27,11,79,209,0
8,0,1,0,32,11,113,248,0
17,0,0,2,37,12,75,214,0
12,0,0,2,33,11,108,217,0
17,1,0,3,34,15,143,239,1
10,0,1,2,38,15,152,270,0
9,0,1,0,28,8,127,166,0
5,0,1,1,44,14,106,227,0
17,0,0,3,32,14,91,173,0
16,0,0,3,28,15,87,169,1
8,0,1,2,33,11,113,182,1
13,0,0,0,29,9,52,187,1
13,0,0,0,29,8,111,196,0
3,1,1,2,42,11,123,212,0
9,0,0,1,40,18,95,173,0
2,0,0,2,32,12,97,190,1
13,0,0,2,35,9,88,138,0
12,0,0,2,34,10,133,161,0
12,0,0,0,31,10,95,197,0
12,0,0,3,36,16,100,242,0
13,0,0,2,40,13,118,194,1
12,0,0,1,29,13,89,119,0
9,0,0,2,39,8,115,214,0
11,0,0,1,34,9,102,225,1
14,0,0,1,27,11,118,208,0
8,0,1,4,36,12,148,259,1
4,1,0,1,36,12,120,204,1
14,1,1,3,35,16,117,183,1
12,0,0,1,35,10,85,145,1
12,0,0,1,37,17,111,246,1
17,0,0,2,27,13,96,172,0
17,0,0,3,29,19,107,178,0
14,0,1,2,45,31,140,184,0
12,0,1,3,45,23,121,227,0
12,0,0,3,25,25,80,225,0
7,0,0,1,40,8,111,152,1
6,0,0,6,36,17,88,175,1
11,0,0,3,29,29,94,166,0
13,0,0,3,31,12,104,176,0
6,0,0,1,38,16,103,154,0
12,0,0,5,40,13,104,254,1
12,0,0,2,39,12,98,135,0
0,1,1,1,45,11,112,274,1
3,0,1,1,29,8,127,225,0
12,0,0,3,36,32,106,193,0
12,0,0,1,32,17,120,202,0
12,0,0,2,37,37,85,239,0
16,0,1,2,45,21,102,206,0
9,0,0,2,42,10,102,176,0
12,0,1,2,45,17,150,186,1
5,0,1,1,36,17,146,210,0
12,0,0,1,32,8,132,168,0
10,0,0,2,45,10,71,192,0
14,0,0,1,38,9,104,195,0
14,0,0,4,34,10,101,176,1
9,0,0,0,33,9,79,218,0
14,0,0,0,37,11,117,189,0
12,0,0,0,27,8,87,177,1
9,1,1,3,30,18,125,219,0
12,0,0,2,42,23,135,151,0
16,0,1,2,45,10,127,182,0
12,0,0,2,45,16,96,220,0
17,0,0,1,37,9,97,202,0
17,0,0,2,27,9,105,193,0
11,0,1,3,27,15,147,196,0
4,0,1,5,34,19,150,207,1
7,1,1,4,45,10,137,220,0
13,0,1,2,43,11,153,213,1
12,0,0,0,25,12,112,140,0
12,0,0,3,29,26,124,195,0
12,0,1,1,35,11,117,233,0
12,0,0,1,27,12,148,268,1
17,0,0,1,29,16,102,274,1
12,1,1,3,31,26,98,185,0
12,0,0,2,25,11,95,135,0
12,1,1,4,25,10,145,200,1
11,1,0,2,31,17,90,297,0
12,0,0,2,40,11,111,144,0
12,0,0,0,29,8,123,151,0
10,0,0,2,39,16,93,190,0
6,0,0,1,25,10,114,215,1
12,0,0,2,27,16,73,146,0
10,0,0,1,28,9,102,182,0
12,0,0,4,33,81,86,177,0
3,1,0,1,31,12,115,143,0
12,0,0,0,39,14,98,163,0
14,0,0,4,43,36,85,306,1
16,0,0,2,45,14,93,117,0
9,0,0,0,25,8,67,191,1
3,0,0,0,27,8,100,160,0
16,0,0,2,36,14,116,205,0
17,0,0,1,39,11,123,239,0
4,0,1,3,45,22,134,257,0
12,0,1,3,30,13,161,253,1
12,0,0,2,44,18,111,180,0
7,1,1,2,27,9,116,271,0
9,0,0,1,40,10,78,238,1
9,0,0,0,28,8,98,244,0
16,0,1,2,34,15,104,199,0
14,0,1,1,31,14,166,224,0
12,0,1,1,40,20,129,188,1
11,1,1,2,26,10,118,220,1
12,0,1,2,36,14,100,249,0
12,0,0,2,40,8,71,212,0
5,0,0,1,35,13,82,140,0
0,1,1,4,37,28,143,254,0
12,0,0,1,36,11,91,202,1
14,0,0,2,45,17,97,185,0
13,0,0,2,43,29,103,150,0
11,1,0,4,38,10,129,183,0
3,1,0,0,41,8,64,155,0
8,1,1,2,33,25,153,312,0
9,0,1,2,33,11,111,223,0
9,0,0,3,29,9,112,155,0
15,0,1,5,36,20,152,254,0
13,0,0,1,34,10,92,229,0
9,0,0,1,30,9,115,218,1
8,0,0,1,30,11,126,153,0
4,0,1,4,44,14,116,232,1
16,0,0,1,32,10,116,151,1
11,0,0,1,39,10,81,267,1
11,0,0,2,39,12,95,246,1
6,0,1,0,27,8,121,237,0
10,0,0,4,25,19,77,214,1
12,0,0,0,28,14,113,193,1
12,0,0,2,40,9,50,200,0
14,0,0,0,33,11,111,190,0
13,0,0,1,31,17,89,195,0
16,0,1,3,42,11,125,217,1
12,0,0,0,33,16,130,187,0
17,0,1,2,29,8,115,228,0
16,0,1,2,43,10,166,280,0
12,0,0,2,37,11,146,267,1
9,1,1,2,30,14,133,275,1
10,0,1,2,31,27,136,238,0
13,0,0,1,30,10,65,166,0
7,0,1,3,41,26,115,243,0
16,0,0,2,28,12,89,150,1
12,0,0,3,26,12,95,159,0
13,0,1,1,45,12,145,188,0
5,1,1,1,36,11,127,246,1
12,0,0,0,32,11,82,204,0
7,0,1,1,45,9,139,270,0
4,1,1,1,36,11,143,218,1
3,1,0,1,31,15,98,181,1
15,0,0,3,35,22,107,198,0
8,0,1,5,30,30,151,182,0
16,0,0,5,28,24,92,212,0
12,0,0,2,28,15,125,188,0
11,1,0,5,37,19,106,176,1
0,0,0,3,43,10,119,236,0
0,0,0,2,42,8,78,229,0
12,0,0,3,33,13,155,183,1
14,0,0,2,33,13,98,195,0
14,0,0,0,28,8,74,272,0
17,0,0,2,29,27,111,216,0
13,0,1,1,45,17,99,185,1
10,0,1,2,45,10,113,261,0
13,0,1,4,35,34,112,286,0
12,1,1,5,42,15,110,178,0
12,0,0,3,36,20,134,155,0
12,0,0,3,27,10,121,267,0
17,0,0,0,27,8,102,196,0
8,0,0,2,31,16,95,259,1
9,0,0,0,25,20,93,168,0
16,0,0,1,26,10,105,205,1
12,0,0,1,45,8,112,213,0
17,0,0,1,45,11,105,212,0
11,0,0,1,34,11,81,179,0
6,1,0,2,40,31,98,191,0
6,1,1,2,34,22,206,164,0
8,0,0,0,25,8,58,222,0
6,0,0,2,42,9,83,166,0
12,0,0,0,33,11,113,240,0
16,0,1,3,29,15,103,282,0
12,0,0,1,26,11,91,253,0
12,1,0,2,26,10,71,223,0
12,0,0,3,37,21,88,172,1
17,0,0,1,29,11,126,182,0
0,0,1,2,28,11,132,200,0
7,1,1,2,36,15,137,256,0
8,0,0,3,45,27,89,172,0
8,1,1,5,45,22,138,241,0
12,0,0,3,33,13,114,194,1
12,0,0,1,33,11,94,225,0
10,0,0,2,45,15,61,201,1
13,0,0,1,30,15,99,194,0
14,0,0,1,26,19,124,186,0
11,0,0,0,38,14,112,136,1
10,0,1,1,26,17,136,191,0
14,0,0,3,33,12,97,219,1
17,0,1,0,31,29,138,222,1
13,0,0,2,30,13,100,197,0
7,0,0,0,36,8,101,190,0
12,0,1,4,45,18,139,198,0
8,0,1,3,44,8,119,217,0
11,1,1,1,25,10,105,221,0
14,0,0,4,42,24,87,216,1
3,1,1,3,45,17,127,235,1
1,1,0,1,40,14,105,176,0
3,1,1,2,37,16,152,204,0
8,1,1,3,30,24,104,208,1
16,0,0,1,42,23,128,172,0
15,0,0,2,39,16,99,223,0
12,0,0,0,32,19,116,208,0
3,0,1,2,41,15,156,243,0
12,0,0,1,33,15,124,144,0
13,0,1,4,40,12,105,238,0
12,0,0,2,38,12,100,236,0
13,0,0,2,26,19,117,207,0
17,0,0,3,28,17,55,170,1
16,0,0,6,30,27,126,176,1
14,1,0,2,31,13,101,191,0
3,0,0,1,28,27,100,177,1
3,0,0,0,34,9,109,158,0
12,0,0,0,36,10,113,206,0
17,0,0,1,32,18,111,201,0
13,0,0,2,31,13,82,228,1
12,0,0,3,35,14,99,230,0
8,0,0,2,26,10,92,195,0
8,0,1,3,33,16,132,183,0
5,0,1,4,45,17,123,189,0
8,0,1,2,45,11,102,231,1
2,1,1,5,26,38,112,214,1
15,0,1,3,29,24,128,176,0
14,0,0,2,26,18,112,188,0
10,0,0,1,32,17,113,218,0
12,0,1,2,42,12,168,174,1
4,0,1,2,33,8,147,120,0
2,0,0,0,26,8,147,194,1
12,0,0,1,30,13,85,184,1
12,1,0,3,41,20,49,154,0
17,0,0,1,29,9,88,143,0
9,0,0,1,29,20,82,204,0
12,0,1,3,42,17,116,286,1
12,0,1,1,45,15,155,235,0
9,1,1,2,45,8,115,154,0
12,0,1,3,31,19,125,253,1
11,0,0,3,39,20,109,249,0
16,0,0,0,36,8,91,243,0
12,0,0,2,37,16,101,242,1
12,0,0,6,33,22,121,225,0
12,0,0,1,36,29,88,202,0
12,0,0,3,42,23,110,206,0
14,0,0,4,45,16,70,203,0
10,1,1,4,27,30,134,219,1
10,1,1,3,25,13,173,176,0
12,0,0,2,34,9,76,173,0
12,0,0,2,30,10,70,168,0
8,1,1,1,37,11,114,202,1
12,1,1,5,26,27,143,151,1
13,0,0,1,32,9,108,210,0
13,0,0,2,27,11,104,172,0
11,0,1,4,32,12,78,176,1
11,0,1,1,28,8,140,294,1
14,0,0,1,25,9,97,246,0
2,0,0,1,35,14,105,252,0
10,0,0,1,26,11,86,128,0
12,0,1,1,40,12,119,188,1
14,0,0,1,33,8,131,130,0
12,0,0,6,25,25,79,191,0
12,0,1,2,42,10,121,224,0
5,0,1,2,45,21,85,180,0
3,1,0,2,35,9,96,146,0
7,1,1,4,42,21,126,225,0
12,0,0,0,34,10,107,146,1
14,0,0,1,26,20,83,153,0
9,0,0,2,27,21,99,198,0
9,1,0,0,31,8,105,226,0
10,1,1,5,34,19,112,227,1
12,0,1,2,45,11,137,206,1
14,0,0,2,45,13,90,212,1
14,0,0,0,45,12,104,191,0
16,0,0,1,45,17,89,257,0
16,0,0,1,28,11,117,177,1
12,0,1,3,43,11,98,245,1
8,1,1,5,45,16,139,248,1
3,1,0,3,30,9,84,263,0
4,0,1,5,32,22,113,220,1
12,0,1,1,44,11,140,288,1
14,0,1,1,37,16,130,186,0
14,0,0,1,34,10,109,212,0
14,0,0,1,32,10,70,105,0
12,1,1,4,41,15,138,230,0
0,0,0,0,27,9,96,184,0
11,0,0,3,32,11,125,152,0
17,0,0,2,29,17,78,225,1
12,0,0,2,36,13,141,211,1
12,0,0,1,39,19,70,173,1
17,0,1,1,45,9,133,225,0
10,0,0,0,34,9,111,183,1
10,1,1,6,26,17,81,237,0
8,0,1,2,32,9,162,145,1
13,0,0,2,31,16,76,208,0
12,0,0,5,39,13,82,231,0
7,0,1,0,27,11,147,212,1
11,0,0,2,29,30,124,211,0
10,1,1,1,25,23,124,162,0
12,0,1,2,42,11,107,181,1
10,0,1,1,45,11,112,196,0
14,0,0,0,45,8,90,184,0
1,0,0,1,26,22,90,221,0
7,0,1,2,30,24,156,235,1
9,1,1,7,45,10,118,171,0
16,0,0,1,29,21,109,249,0
13,0,0,2,28,19,70,150,0
9,0,0,4,37,19,83,171,1
17,0,0,0,25,8,114,162,0
12,0,0,1,32,12,77,204,0
12,0,0,5,32,13,81,188,0
8,0,1,3,36,31,119,218,1
9,0,0,4,37,33,107,198,0
6,0,1,1,42,27,134,268,1
14,0,0,1,41,27,115,173,0
12,0,0,1,45,12,98,209,1
8,0,1,3,31,22,132,247,0
10,0,1,3,34,13,105,207,0
9,0,1,4,45,19,131,240,1
12,0,0,2,34,13,98,167,0
12,0,0,0,36,9,86,197,0
16,0,0,5,40,16,92,205,0
17,0,1,4,40,12,145,196,0
12,0,1,0,33,8,139,257,0
16,0,0,1,29,8,82,196,1
12,0,0,2,27,8,119,193,0
11,0,0,3,29,18,62,159,0
14,0,0,1,39,20,99,234,0
13,0,0,2,25,9,93,185,0
11,0,1,2,28,12,98,261,0
12,1,0,3,33,31,85,256,0
16,0,0,1,29,11,119,209,0
11,0,1,2,45,18,116,164,0
12,1,1,6,25,15,167,254,0
12,1,1,0,28,23,138,219,0
8,0,1,2,28,9,151,207,1
9,0,0,1,32,13,113,204,0
8,0,0,0,40,8,86,281,0
17,0,0,0,26,8,112,193,0
12,0,0,3,26,11,105,192,0
2,0,0,1,26,10,71,270,0
12,0,0,1,41,13,109,239,0
11,1,1,0,30,9,115,283,0
9,1,0,3,25,22,127,189,1
10,0,0,0,36,8,68,209,0
12,0,0,2,41,9,96,221,1
16,0,1,0,41,14,122,313,0
12,0,0,0,26,8,92,232,0
9,0,0,0,31,8,117,270,0
12,1,0,1,25,14,110,244,0
12,0,1,2,27,13,120,223,0
12,1,1,1,40,22,140,222,1
12,0,0,0,39,12,89,157,1
12,1,1,4,28,23,123,177,0
12,0,1,5,43,14,144,263,1
12,0,0,0,27,8,154,196,0
12,0,0,2,26,22,109,198,0
12,1,0,4,27,13,110,128,0
10,1,1,6,36,19,116,174,1
14,0,1,2,43,11,114,187,0
11,0,1,2,43,12,121,206,0
10,0,1,4,32,21,104,282,0
9,0,0,0,25,10,74,170,0
12,0,0,0,27,10,120,213,0
12,0,1,4,42,9,135,152,0
12,0,0,1,26,8,72,220,1
12,1,1,4,28,14,74,210,0
12,0,0,3,34,22,86,238,0
13,0,0,3,31,24,67,231,0
9,0,0,0,45,10,147,221,0
12,0,0,1,27,12,91,183,0
13,0,0,0,31,8,122,238,0
12,0,0,1,32,18,96,169,0
9,0,0,0,27,20,114,207,0
9,0,0,1,36,11,133,208,1
12,0,1,3,41,12,102,157,1
12,0,0,2,40,16,71,190,0
17,0,0,1,33,13,64,200,0
15,0,0,1,30,14,81,146,0
5,1,1,1,29,9,172,247,1
8,0,0,2,45,10,62,192,0
8,0,0,3,36,11,67,228,0
11,0,1,2,27,14,128,240,0
12,0,1,2,31,13,132,194,0
17,0,0,3,28,25,102,231,0
14,0,0,1,27,14,103,226,0
12,0,1,2,45,11,131,241,0
6,1,1,3,41,9,138,221,1
5,0,1,3,36,23,131,162,0
12,0,0,4,31,24,102,184,0
16,0,1,3,28,12,156,248,0
12,0,0,2,25,15,111,192,0
12,0,0,4,29,43,154,191,0
16,1,1,4,27,15,134,229,0
14,0,0,0,34,13,72,190,1
10,0,1,3,45,8,114,195,0
16,0,0,2,30,20,91,184,1
12,1,1,2,25,12,141,178,1
12,0,0,2,29,24,88,165,0
9,0,1,3,28,14,114,171,1
12,0,1,0,45,13,114,161,0
6,1,0,2,29,20,139,180,0
12,0,1,4,33,15,110,256,0
14,0,0,1,32,15,117,191,0
14,0,0,1,39,10,107,218,0
17,0,1,2,45,10,126,217,0
3,0,1,3,34,21,139,186,1
9,0,0,5,26,27,102,173,1
9,0,1,5,30,22,172,224,0
8,0,0,1,45,12,83,184,0
16,0,0,3,30,19,92,240,0
12,0,0,1,30,8,104,162,1
14,0,0,2,34,13,106,189,0
12,0,0,1,28,11,107,197,1
15,0,0,2,27,10,115,219,0
12,0,0,2,35,10,102,228,0
10,0,1,0,44,16,135,173,0
12,0,0,3,26,14,75,207,0
8,0,1,2,36,16,140,221,1
3,1,0,1,29,10,79,219,1
3,1,0,1,41,19,77,192,0
13,0,1,2,38,15,145,302,0
17,0,0,1,29,18,111,184,0
13,0,0,3,27,25,161,141,0
10,0,0,0,32,8,101,193,0
12,0,0,3,40,20,86,242,0
12,0,0,2,25,9,130,193,0
12,0,0,1,44,12,95,225,1
13,0,1,2,32,8,122,265,0
17,0,1,4,39,25,134,174,0
17,0,0,5,34,35,104,244,0
12,0,1,4,30,28,130,254,0
12,0,1,5,31,41,139,262,1
17,0,0,0,34,32,120,209,0
14,0,0,0,32,9,109,204,0
13,0,0,3,29,18,88,207,0
12,0,1,3,27,17,152,218,0
12,0,0,2,27,11,93,188,0
9,1,0,1,34,8,85,262,0
12,0,1,4,29,35,130,247,0
13,0,0,2,30,15,123,231,1
12,1,1,2,39,19,157,201,0
1,0,0,2,29,22,112,178,0
17,0,0,0,25,11,79,198,0
16,0,1,4,38,16,125,242,0
10,0,0,3,45,17,85,121,1
12,1,0,2,37,13,89,215,0
8,0,0,1,33,17,109,199,1
11,0,0,1,36,14,89,250,0
12,0,0,3,33,12,99,255,0
10,1,1,1,41,19,123,190,0
14,1,0,0,31,13,112,189,0
17,0,0,0,43,9,113,235,0
3,0,1,3,41,11,114,187,1
11,0,1,1,41,14,122,223,0
9,1,1,3,35,11,128,217,0
6,0,0,0,30,10,91,188,0
3,0,0,0,33,21,109,197,0
1,0,0,4,25,25,106,220,0
3,1,0,3,26,20,94,175,1
11,0,0,1,43,30,125,200,0
12,0,1,3,45,13,134,237,1
8,0,1,3,45,13,113,262,0
6,0,0,2,32,8,99,157,1
12,0,0,1,31,9,128,176,0
8,0,0,2,32,15,95,134,1
12,0,0,3,38,16,89,209,0
17,0,0,1,31,16,59,190,0
12,0,0,2,38,26,96,180,1
16,0,0,3,25,16,125,142,1
11,1,1,0,25,11,137,260,0
12,1,1,6,41,19,145,187,0
17,1,1,1,42,8,139,201,0
11,1,1,4,39,40,97,212,1
16,0,0,3,31,19,132,229,1
16,0,0,2,32,22,77,196,0
12,0,1,3,45,8,145,202,0
12,0,0,3,33,14,90,149,0
12,0,1,3,27,13,159,237,0
12,0,0,0,26,12,103,219,1
2,1,0,2,33,12,83,213,1
6,1,0,2,35,11,111,140,0
12,0,0,1,41,17,134,186,0
14,0,0,1,41,21,88,249,1
12,0,0,2,26,34,115,179,0
5,0,0,1,45,12,94,176,0
13,0,1,5,45,13,117,157,1
10,0,1,5,45,19,126,269,0
12,0,0,2,41,16,145,242,0
12,1,1,4,36,32,124,187,1
14,0,0,0,32,8,103,183,0
12,0,0,2,26,23,99,159,0
6,1,1,3,32,15,94,246,1
12,0,0,2,39,16,75,174,0
12,0,0,2,43,21,86,266,1
5,1,1,1,40,27,111,159,0
15,0,0,0,30,11,145,246,1
13,0,0,3,29,20,103,198,0
12,0,0,2,29,14,68,164,0
12,0,0,0,26,8,110,204,0
12,0,0,3,45,21,108,169,0
16,0,0,2,45,13,107,162,1
12,0,1,4,45,25,98,193,1
8,0,0,1,41,11,95,220,1
12,0,0,0,44,12,76,229,0
12,0,0,1,28,11,129,240,0
8,0,0,1,33,9,112,185,1
11,0,0,2,37,18,85,211,0
12,0,0,1,34,9,71,148,1
4,1,1,2,45,20,121,188,1
12,0,0,2,42,15,91,160,1
8,0,0,0,33,8,115,199,1
16,0,0,0,28,12,109,161,0
13,0,1,2,31,16,124,237,0
14,0,0,2,44,17,76,122,0
16,0,0,2,45,14,129,201,0
5,1,1,2,36,10,99,194,0
2,1,1,2,26,13,158,228,0
4,1,1,2,27,12,160,169,1
12,0,0,2,30,20,82,202,0
14,0,1,4,42,12,111,225,0
17,0,0,0,31,8,84,163,0
12,0,0,0,30,8,113,208,0
10,1,1,4,34,16,144,182,1
9,1,1,3,28,12,136,191,0
12,0,0,2,30,10,101,185,0
12,0,1,3,27,8,112,214,0
3,1,1,4,34,13,116,164,0
6,1,1,5,37,21,173,224,1
6,1,1,3,26,30,174,180,1
10,0,1,1,45,8,107,173,1
7,1,1,3,45,19,118,274,1
11,1,1,4,36,13,142,208,0
12,1,0,4,37,16,79,208,0
8,1,1,4,40,22,97,250,0
12,0,0,3,45,20,66,224,0
12,0,0,1,42,11,69,176,0
12,0,1,1,39,15,157,212,1
12,0,1,1,39,23,111,179,0
14,0,0,3,27,11,108,222,0
9,0,1,0,25,8,116,219,0
11,0,1,3,30,40,134,148,1
8,1,1,3,40,16,133,265,0
10,0,0,1,28,10,122,242,1
7,0,0,0,35,8,106,172,0
12,0,0,2,27,27,64,189,0
16,0,1,2,38,12,127,153,0
12,0,1,3,35,17,133,271,0
12,0,0,2,40,13,73,189,0
12,0,0,3,32,8,101,179,1
12,0,0,2,31,18,77,189,0
16,1,0,3,33,23,96,187,0
10,0,0,3,30,19,105,221,0
8,0,1,3,38,15,119,167,1
12,0,1,3,39,19,162,205,0
8,1,1,3,27,9,136,208,0
8,0,0,2,29,10,89,225,0
12,1,1,3,26,20,123,235,1
12,0,0,3,45,11,106,222,1
16,0,0,0,31,9,115,188,0
15,0,0,0,42,8,115,262,1
7,0,1,0,37,10,117,245,0
7,0,0,2,38,13,68,211,0
8,1,1,2,45,8,135,196,0
10,0,0,1,27,10,90,215,0
12,0,0,1,26,12,92,216,0
2,1,0,2,34,12,97,196,0
12,1,1,3,35,9,143,206,0
12,0,0,3,44,14,133,180,1
17,0,0,3,35,16,99,257,0
17,0,0,1,33,13,80,169,0
11,1,1,1,40,11,134,226,1
11,0,1,3,38,14,160,148,1
11,1,0,1,25,8,102,164,1
11,0,0,2,33,32,82,172,0
12,0,0,3,35,20,87,192,0
2,1,1,1,35,8,140,207,0
9,0,0,1,41,9,146,196,1
10,0,0,3,33,9,100,211,0
9,0,1,5,38,24,137,151,0
7,0,0,4,45,27,87,227,0
8,0,0,4,40,21,94,220,0
9,0,0,1,27,19,114,202,0
12,0,1,5,26,14,100,198,0
12,0,0,0,27,8,78,181,0
12,0,0,0,26,10,89,206,0
8,0,1,4,45,14,105,231,0
6,0,0,0,34,9,110,186,1
9,1,0,2,34,18,98,194,0
6,0,1,1,37,9,109,240,0
16,0,0,2,45,14,80,130,0
12,0,0,1,29,12,86,234,0
17,0,0,2,44,13,91,220,0
12,0,0,1,26,8,80,172,1
6,0,1,2,35,11,95,223,1
11,0,0,0,33,12,107,175,0
16,0,0,1,37,11,75,158,0
14,0,0,1,32,17,102,219,0
8,0,1,1,45,13,140,151,0
10,1,1,3,32,19,150,263,0
12,0,1,4,26,16,133,229,0
12,0,1,1,31,20,142,204,0
11,0,1,5,32,26,132,221,0
12,0,1,3,45,16,130,217,0
17,0,1,1,41,34,117,206,1
10,0,0,0,27,8,113,180,0
2,1,1,5,38,18,130,234,0
14,0,0,2,44,13,74,236,1
14,1,1,2,45,11,100,242,0
12,1,1,2,29,13,108,242,1
12,0,1,4,29,30,150,157,1
12,0,0,2,28,11,105,166,1
6,0,0,2,42,21,118,283,0
16,0,0,1,42,11,111,151,1
14,0,0,3,32,19,104,222,1
8,0,1,3,42,11,126,202,0
10,0,0,3,39,13,47,201,0
8,0,0,0,31,8,91,175,0
5,0,0,3,25,8,104,206,0
7,0,1,1,25,10,143,194,1
12,0,0,0,25,12,101,162,1
2,0,0,1,32,14,91,250,1
1,0,0,1,36,20,72,241,1
16,0,1,1,28,14,115,278,1
12,0,0,1,27,16,66,220,1
11,0,0,0,27,15,73,256,0
16,0,1,2,38,16,156,248,0
12,0,1,4,36,21,110,240,0
12,0,0,0,35,8,92,183,1
9,0,0,2,33,12,87,238,1
8,0,1,1,45,13,146,227,0
17,1,0,0,36,13,131,238,0
8,1,0,3,26,19,91,237,0
10,0,1,4,28,10,140,292,0
10,0,1,5,37,20,135,181,0
8,0,1,2,36,22,118,315,0
8,0,1,3,42,10,156,245,0
14,0,0,4,30,11,115,146,1
12,0,1,2,31,10,148,200,0
12,0,1,1,28,12,125,194,0
12,0,0,1,25,13,104,186,0
8,0,0,0,44,8,114,204,0
12,0,1,2,35,8,135,229,0
12,0,0,0,37,8,93,162,0
12,0,1,3,45,8,141,211,1
8,1,1,3,42,13,125,176,0
12,1,0,1,35,25,107,232,1
9,0,0,3,33,18,111,151,0
2,1,0,0,33,8,92,175,0
17,0,0,0,27,19,112,235,0
12,0,0,1,34,8,61,184,0
14,0,1,2,45,12,149,173,0
4,1,1,2,45,18,140,260,0
15,0,1,1,45,13,124,244,0
8,0,0,2,37,8,121,233,1
17,0,0,1,28,24,103,215,1
17,0,1,3,36,17,125,242,0
12,1,1,4,27,24,105,149,0
12,0,0,0,31,18,74,175,0
14,0,0,0,41,8,62,147,0
10,1,1,3,32,15,151,254,0
2,0,0,1,44,16,103,145,0
8,1,1,1,28,12,132,170,0
16,0,0,1,27,14,81,252,0
15,0,0,4,26,12,95,186,1
16,0,1,4,38,12,171,211,0
15,0,0,2,33,12,102,204,0
17,0,0,2,25,10,135,169,0
9,0,0,2,43,16,112,200,0
13,0,0,2,37,24,83,218,0
10,1,0,3,41,16,115,204,0
10,0,0,0,25,9,86,237,1
11,0,0,2,37,15,93,199,0
12,0,0,0,33,34,106,199,0
17,0,0,3,33,25,74,234,0
12,0,0,2,29,12,102,182,0
17,0,1,3,26,24,145,241,0
14,0,0,0,26,12,101,222,0
11,0,0,1,42,12,99,244,0
6,0,0,0,27,8,48,236,0
8,0,1,1,42,16,115,263,0
7,0,0,1,41,16,82,249,0
15,0,1,3,34,32,122,251,1
13,0,0,3,33,35,102,203,1
10,0,1,4,36,21,172,157,1
6,1,1,4,32,12,110,248,1
17,0,0,1,26,9,86,208,0
12,1,1,3,38,18,135,265,0
4,1,1,4,45,22,93,164,1
8,0,0,1,39,9,137,156,0
9,0,0,0,45,8,95,198,0
12,0,1,4,25,30,130,267,0
9,0,0,0,34,8,72,235,0
14,0,1,3,35,27,121,250,1
12,0,1,1,26,11,142,195,0
13,0,0,1,41,13,89,239,0
12,0,0,0,40,11,107,234,1
14,0,1,0,45,8,122,257,1
12,0,0,2,28,19,95,194,1
8,0,1,2,37,16,155,218,1
11,0,0,0,26,8,76,213,1
15,0,0,1,30,12,128,191,0
14,0,0,1,31,13,110,104,0
12,0,1,3,38,37,129,208,0
5,0,1,3,29,12,89,151,0
8,1,1,3,30,15,138,152,1
7,1,1,2,28,11,122,228,1
12,0,0,0,33,15,115,184,0
8,0,0,4,43,11,78,165,0
12,0,0,1,26,8,78,233,1
12,0,0,0,31,15,111,206,1
12,0,0,1,30,16,96,136,1
9,0,0,1,25,8,129,204,1
12,0,1,2,41,11,155,222,1
14,0,0,1,36,19,106,199,0
12,1,1,5,45,27,115,170,1
16,0,0,2,39,12,136,203,0
12,0,0,1,40,20,104,187,0
12,0,0,0,31,8,108,179,0
16,0,0,2,41,13,74,198,0
12,0,0,3,34,16,84,120,0
6,0,0,0,45,10,85,230,0
5,0,0,1,29,11,86,176,0
1,0,0,2,33,15,107,194,0
17,0,0,1,25,16,90,176,0
8,0,0,0,38,8,70,187,0
14,0,0,0,30,11,105,154,1
12,0,0,1,26,12,68,134,1
12,0,1,3,45,12,120,207,0
12,0,1,4,45,11,130,227,0
13,0,1,1,45,9,135,265,0
17,0,0,0,41,17,72,153,0
12,0,1,4,37,15,127,218,0
12,0,0,2,29,13,139,94,0
8,1,1,3,25,16,108,205,1
10,1,1,2,26,14,155,246,0
16,0,0,2,28,14,107,179,0
12,0,1,3,45,10,149,204,0
16,0,0,4,41,20,91,248,1
9,1,1,0,36,10,84,344,0
0,0,0,0,32,8,96,190,0
12,0,0,2,30,9,109,192,0
9,1,0,3,30,8,56,243,0
11,1,0,3,38,9,95,188,0
12,0,0,1,31,8,99,194,0
14,0,1,4,26,42,104,221,0
5,0,0,2,39,13,111,181,1
12,0,0,0,32,8,81,208,1
12,0,0,2,29,12,123,234,1
12,0,0,0,38,8,112,220,1
1,0,1,4,43,12,155,238,1
14,0,0,1,38,14,127,181,0
12,0,0,4,30,23,77,250,0
6,1,0,2,39,19,100,201,0
12,0,0,0,29,8,128,255,0
12,0,0,1,26,8,97,209,0
6,0,0,2,37,21,114,160,1
12,1,1,2,41,12,118,294,1
12,0,0,1,37,11,111,200,0
17,0,0,0,30,9,87,209,1
12,0,0,1,26,11,80,113,0
9,0,0,2,26,13,106,228,1
9,0,0,1,45,8,105,181,0
9,0,0,1,39,10,54,272,0
11,0,0,2,36,14,71,172,0
8,0,1,0,30,11,124,163,0
12,0,0,1,30,10,111,111,0
12,0,0,1,35,29,80,187,1
14,0,0,4,27,10,130,205,0
6,0,0,2,31,10,97,204,1
11,0,0,1,37,10,107,207,0
11,0,1,5,34,32,147,202,0
14,0,0,2,25,13,99,211,0
12,0,0,2,29,14,110,251,0
14,0,1,4,26,24,95,216,0
16,0,0,2,28,13,108,185,0
3,1,1,3,27,22,158,256,0
11,1,1,3,32,14,165,192,0
12,0,0,1,29,9,93,201,0
15,0,0,1,40,10,102,200,0
10,0,1,7,28,28,130,181,0
14,0,0,6,25,18,93,202,0
16,0,0,1,30,10,104,170,1
16,0,0,0,26,9,100,224,0
10,1,1,4,28,9,139,268,0
16,0,0,0,35,16,104,231,0
8,1,1,4,28,14,155,159,0
15,0,0,1,40,15,119,199,1
15,0,0,2,34,12,104,170,1
10,1,0,1,36,13,101,179,0
8,1,1,2,28,17,117,269,0
13,0,0,1,26,9,79,186,0
12,0,0,0,26,10,93,203,1
16,0,0,1,29,14,61,186,1
12,0,0,2,27,14,38,155,0
6,0,0,1,28,18,56,192,0
12,0,0,3,37,11,80,116,1
12,0,0,2,27,11,144,168,0
10,1,0,1,32,17,95,174,0
6,0,0,0,28,8,88,186,1
6,1,0,1,26,10,99,230,1
4,1,1,2,45,23,114,249,0
10,0,0,1,25,11,122,249,0
7,0,1,2,42,15,152,158,0
12,0,0,4,27,15,83,171,0
8,0,0,1,45,11,111,201,1
10,1,1,3,36,40,161,143,1
17,0,0,0,39,11,91,159,0
15,0,1,3,39,19,129,180,1
11,0,0,3,30,12,105,286,0
7,0,0,2,35,14,93,224,0
10,0,1,2,33,12,134,188,0
11,0,0,2,33,18,109,200,0
9,0,0,4,45,19,123,210,0
12,0,1,1,30,9,141,259,0
12,0,0,2,30,9,104,256,1
2,1,1,3,44,18,131,214,0
12,0,1,1,45,8,143,184,0
10,0,0,1,42,9,91,174,0
3,1,1,3,31,12,149,237,0
5,1,1,4,26,11,121,207,0
11,0,1,2,45,9,125,185,0
12,0,0,1,31,10,99,244,0
16,0,0,2,36,14,83,157,0
12,0,0,2,31,9,101,171,1
8,0,0,2,45,16,75,212,1
11,0,0,1,45,11,115,249,0
15,0,0,0,36,10,117,158,1
11,1,0,5,26,17,96,236,0
17,0,0,3,33,28,49,150,1
12,0,0,2,28,9,115,184,0
11,1,1,4,43,21,112,209,1
12,1,1,3,45,15,158,158,0
8,0,0,1,45,13,53,249,0
16,0,0,3,37,14,117,278,1
14,0,0,2,36,9,102,246,0
16,0,1,0,39,11,128,220,0
12,0,0,1,25,10,102,139,0
16,0,0,3,34,17,38,184,0
17,0,0,0,37,19,81,182,0
12,0,0,3,33,19,92,162,0
14,0,1,2,37,12,153,197,1
6,1,0,2,27,10,70,180,0
11,0,1,3,33,13,98,137,0
16,0,0,0,34,10,105,191,0
14,0,0,0,29,9,116,152,0
9,0,1,2,41,12,124,264,0
14,0,0,1,31,14,122,214,0
17,0,1,4,30,21,129,146,0
15,0,0,1,31,9,109,265,1
12,0,0,0,36,12,112,165,0
0,1,1,0,34,25,144,213,0
12,0,0,1,42,21,68,221,0
2,1,1,4,31,32,149,241,1
12,1,1,5,30,16,158,214,0
8,0,0,2,29,8,81,173,0
12,0,1,4,40,17,138,195,0
9,0,1,3,35,12,120,170,0
8,1,1,3,42,20,139,195,0
3,0,0,2,32,10,103,178,1
11,1,1,3,39,20,96,202,0
0,1,1,2,45,8,145,216,0
17,0,0,0,25,20,131,210,0
12,0,0,0,31,8,84,180,1
8,0,1,4,41,43,159,236,0
15,0,0,4,41,11,85,166,1
7,0,0,1,25,9,85,228,1
14,0,0,1,35,8,108,184,1
12,0,1,1,41,23,124,193,0
12,1,0,0,29,11,97,194,0
10,0,0,0,31,12,99,219,1
10,0,0,1,30,9,135,200,0
12,0,0,2,26,13,103,146,0
10,0,0,0,26,8,97,220,0
10,0,0,0,29,12,115,273,1
10,0,0,2,37,13,108,227,0
11,0,0,0,35,15,116,201,0
12,0,0,0,30,9,127,208,0
12,0,0,1,26,9,112,197,0
2,0,0,0,26,9,105,237,0
15,0,0,1,34,14,98,145,0
17,0,0,1,35,18,121,211,0
12,0,0,2,33,17,98,205,1
12,0,0,1,28,17,77,215,0
12,0,0,0,33,8,87,250,0
13,0,0,1,43,8,93,250,0
16,0,0,3,33,29,95,279,1
12,0,0,2,34,10,100,171,0
12,0,1,3,45,11,130,195,1
11,0,0,1,25,14,121,254,0
12,0,0,1,28,8,100,275,0
13,0,0,1,27,9,86,192,1
12,0,0,1,38,9,107,173,0
6,0,1,4,25,14,134,214,1
12,0,0,3,39,22,101,187,0
12,0,0,1,26,12,103,150,0
14,1,0,2,35,16,89,253,0
16,0,0,2,27,20,72,220,0
17,0,0,1,29,13,103,138,0
12,0,0,3,33,12,82,250,0
8,0,0,1,27,13,93,143,0
4,0,0,0,35,8,111,170,0
11,0,1,3,35,23,122,208,1
12,0,1,2,41,9,122,253,0
12,0,0,1,43,19,45,186,1
11,0,0,0,37,14,107,166,1
13,0,1,5,33,35,129,226,1
17,0,1,3,39,21,127,186,1
14,0,1,2,35,16,93,206,0
12,0,0,2,26,11,117,222,0
9,1,0,0,33,8,92,184,1
16,0,0,3,28,13,91,221,0
14,0,0,0,26,14,94,171,0
8,0,1,2,25,18,142,128,0
5,1,0,0,34,8,105,226,0
11,1,1,2,45,10,99,242,0
6,0,0,2,43,12,118,263,0
12,0,0,3,40,29,96,227,1
8,1,1,4,45,22,127,160,0
3,0,0,2,26,8,122,244,0
16,0,0,2,38,14,106,218,0
15,0,0,4,36,16,122,209,1
16,0,0,0,40,23,129,237,1
13,0,1,4,39,23,166,242,1
3,1,0,3,26,8,118,189,1
12,0,0,2,28,18,96,186,0
7,1,1,2,26,10,129,255,0
8,0,0,0,35,9,121,245,1
13,0,0,3,42,13,97,223,0
8,1,0,1,35,13,93,159,0
16,0,0,0,41,17,126,180,0
12,0,1,1,39,49,119,208,0
7,0,0,1,25,9,125,197,0
13,0,1,0,44,11,104,217,1
12,0,0,0,31,9,117,216,1
14,0,0,2,32,14,118,198,1
16,0,0,2,34,15,111,227,1
11,0,0,1,35,14,86,228,0
16,0,0,4,33,32,101,203,0
17,0,0,2,41,21,94,207,0
9,0,1,3,27,17,131,191,0
8,0,1,4,45,12,113,213,0
6,0,0,2,25,13,88,253,0
8,0,0,1,45,8,107,193,1
14,0,0,2,43,18,100,205,0
7,1,0,1,43,10,109,191,1
8,0,0,1,38,8,115,182,0
15,0,0,1,40,9,129,195,1
9,1,1,4,45,18,159,140,0
11,0,0,2,45,16,106,215,0
12,0,0,1,42,12,80,197,0
12,0,0,2,26,12,95,196,0
8,0,0,1,37,23,67,206,0
17,0,0,2,27,14,112,241,0
14,0,0,2,28,15,95,227,1
12,0,1,3,42,13,134,278,1
12,0,1,3,45,10,149,236,0
8,1,1,1,40,9,179,191,0
17,0,1,2,40,10,119,222,0
12,0,0,1,29,10,91,258,0
8,0,0,1,35,13,101,233,1
12,0,1,4,45,10,140,199,0
14,0,0,3,36,16,91,171,1
13,0,0,1,34,23,103,209,0
4,0,0,0,36,8,99,147,0
3,0,0,4,33,12,81,191,1
4,0,0,0,36,8,91,140,0
16,0,1,4,39,33,117,165,1
14,0,1,4,45,16,154,271,0
12,0,1,2,27,16,115,180,0
14,0,0,1,45,9,82,222,0
4,0,0,2,32,9,93,147,0
14,0,0,0,27,14,134,180,1
12,0,1,0,45,9,93,237,1
12,1,1,6,42,27,137,209,1
10,0,1,1,25,26,142,270,0
17,0,0,2,29,13,150,168,0
15,0,0,0,45,14,84,148,0
9,0,1,3,34,8,128,269,0
6,1,0,1,39,20,87,174,1
12,0,0,1,30,39,105,155,0
12,0,0,0,31,8,112,246,0
9,1,1,3,35,15,120,187,0
10,1,0,2,36,17,109,185,1
7,0,0,2,40,16,88,182,0
8,0,0,2,31,22,162,203,0
9,0,0,2,32,13,101,183,1
8,0,0,1,39,11,91,262,0
6,1,0,1,45,27,64,126,0
11,1,0,5,42,20,107,129,0
15,0,0,1,28,17,108,221,1
3,1,0,2,32,11,120,166,1
11,0,0,0,35,16,94,197,0
10,0,0,1,40,18,89,167,0
16,0,1,5,36,45,134,209,1
11,0,1,4,30,17,103,172,1
10,0,1,3,27,15,122,192,0
12,1,0,4,39,19,91,200,0
16,0,0,3,27,17,89,238,0
12,0,0,2,40,10,109,192,0
12,0,0,2,28,19,122,185,0
17,0,0,2,25,20,80,202,0
11,1,0,0,30,15,39,164,0
8,0,1,2,40,20,146,223,0
9,0,0,1,36,26,111,140,0
12,0,0,1,33,13,82,219,1
12,0,1,3,32,12,133,238,1
13,0,1,3,33,10,136,226,0
8,0,0,3,30,17,101,182,0
12,0,1,0,45,14,99,289,0
8,0,1,3,32,14,131,197,0
12,0,0,3,25,8,110,176,1
16,0,0,0,29,12,80,167,0
16,0,0,1,28,12,87,170,0
2,1,0,2,32,8,109,246,0
17,0,0,3,25,29,96,250,1
13,0,0,3,25,11,95,201,1
6,1,1,4,25,11,110,259,0
5,0,1,2,37,16,145,204,1
12,0,0,1,37,20,99,199,0
13,0,0,2,38,17,75,185,0
3,1,1,2,33,14,113,199,0
11,1,1,4,41,17,135,155,0
11,0,1,4,39,17,99,190,1
9,0,0,3,45,9,121,183,0
8,0,0,3,31,12,86,223,0
12,0,0,1,26,9,75,283,0
9,1,1,2,45,21,154,239,0
12,0,0,3,28,14,121,225,0
12,0,1,3,25,11,173,234,0
7,1,1,2,43,15,96,185,0
9,1,0,1,37,22,123,204,0
7,1,0,0,41,12,98,254,0
2,0,0,3,45,11,127,185,0
12,0,1,3,40,9,126,190,1
12,0,0,1,34,13,84,135,0
13,0,0,1,30,24,99,176,1
16,0,0,2,34,12,123,176,1
7,0,0,0,37,12,137,175,0
7,0,0,2,31,12,121,180,0
16,0,0,0,32,22,80,176,0
17,0,1,2,30,25,145,232,1
1,1,1,0,45,11,112,148,1
1,1,1,2,36,10,116,293,0
0,1,1,4,45,12,110,213,0
11,0,0,0,26,8,107,224,1
8,1,0,2,31,14,86,152,0
12,0,0,2,29,19,91,232,0
12,0,0,2,31,21,93,218,0
14,0,0,2,36,12,92,281,0
12,0,0,0,27,8,140,278,0
11,0,0,1,36,21,99,238,1
14,0,1,1,45,24,116,236,0
12,0,0,1,34,9,115,232,0
7,0,0,1,39,10,75,242,1
12,0,1,3,45,17,129,228,0
6,0,0,4,38,15,95,224,0
7,0,0,1,32,10,87,225,1
9,0,0,1,28,9,86,216,0
13,0,0,1,32,13,115,226,0
12,0,0,0,29,8,77,214,0
8,0,0,0,33,8,91,238,1
12,0,1,2,40,35,87,183,0
12,0,1,4,39,22,121,234,1
17,0,0,2,34,12,126,117,0
13,1,1,6,28,38,114,197,1
4,1,0,1,42,15,106,236,0
12,0,1,2,25,10,155,255,0
12,0,0,2,45,12,91,246,0
12,0,0,1,43,8,67,196,1
12,0,0,2,36,24,128,225,0
8,1,1,2,33,12,104,200,0
16,0,0,1,26,8,113,221,0
11,0,0,0,25,19,103,200,0
12,0,0,0,25,14,90,183,0
10,0,0,4,41,30,137,190,0
14,0,1,2,39,24,114,218,0
14,0,0,2,39,17,108,210,0
17,0,0,4,45,17,103,215,1
12,0,0,3,26,19,88,186,0
16,0,1,0,45,8,121,155,0
10,1,0,0,36,8,101,203,1
16,0,0,0,27,8,104,158,0
16,0,0,3,27,28,81,176,0
12,1,0,1,43,14,106,249,1
0,1,0,0,45,8,85,207,1
3,1,0,3,36,14,88,168,0
12,0,0,2,42,12,74,144,0
7,0,0,2,36,17,88,214,0
12,0,0,1,34,11,124,156,0
10,0,0,0,30,10,99,210,0
3,1,1,4,30,18,144,206,0
8,1,0,3,26,9,88,252,1
16,0,0,4,31,12,112,217,0
12,0,1,5,39,33,137,201,0
10,0,0,3,36,13,115,258,1
14,1,0,3,34,15,116,236,0
15,0,0,0,26,9,95,170,0
8,0,1,4,27,13,100,238,1
9,1,0,1,38,8,57,145,0
8,0,1,5,45,17,120,187,0
8,0,1,3,45,28,173,188,0
8,0,0,1,37,21,91,120,0
10,0,0,1,34,28,120,230,1
12,0,0,1,38,12,122,176,0
16,0,0,0,27,30,94,231,1
8,0,0,2,34,17,105,214,1
12,0,0,2,32,20,117,217,0
14,0,0,0,36,12,83,170,0
12,0,0,1,25,12,100,160,0
11,0,1,2,28,19,115,192,0
12,1,0,0,29,8,73,93,0
12,0,0,1,28,12,78,213,1
13,0,0,2,26,12,109,172,0
1,0,1,5,31,26,130,263,1
2,1,0,2,45,11,71,167,0
12,0,1,0,45,23,125,218,0
13,0,0,1,30,13,135,234,0
14,0,0,0,26,8,96,175,1
16,0,0,1,25,18,117,147,1
16,0,0,0,25,12,135,203,0
7,1,1,2,34,26,119,199,0
13,0,1,3,39,12,133,222,0
12,0,0,2,44,10,97,195,0
7,0,1,5,44,10,164,253,1
4,0,1,1,34,13,144,221,0
11,0,1,4,37,19,158,231,0
11,0,1,2,35,13,113,214,1
12,0,0,1,42,22,86,196,1
12,0,1,2,45,13,125,189,1
9,0,0,5,34,28,79,149,0
9,0,1,5,34,25,148,237,0
12,0,0,3,39,14,79,153,0
11,0,0,1,25,9,108,219,1
4,1,0,3,32,17,64,147,0
12,0,1,2,37,15,116,255,0
6,0,1,5,25,13,138,201,0
6,0,1,2,25,10,115,194,1
10,1,1,2,25,12,129,227,0
12,1,1,3,32,11,120,222,0
12,1,1,4,28,10,118,199,0
14,0,0,4,38,19,102,243,0
11,1,0,2,28,9,109,214,0
8,0,0,3,25,12,70,187,1
12,0,1,3,28,19,148,259,0
13,0,0,2,32,12,102,302,0
16,0,1,1,34,11,142,206,1
11,0,1,4,32,13,157,216,0
14,0,0,1,27,15,86,206,0
17,0,0,2,28,11,93,234,1
4,0,0,3,39,21,99,179,0
4,0,1,6,38,20,145,240,0
10,0,1,2,25,26,180,240,0
7,0,1,1,45,13,137,206,0
16,0,1,4,38,14,156,198,1
17,0,0,1,26,10,102,200,0
12,0,0,2,42,11,100,166,0
12,0,1,2,29,12,144,168,0
11,0,0,2,42,11,115,279,0
11,0,0,0,43,11,90,188,0
4,1,0,0,25,8,117,179,1
16,0,0,2,33,18,93,194,0
12,0,1,2,29,12,145,256,1
8,0,0,2,41,16,106,231,0
17,0,0,3,25,11,88,165,0
12,0,0,2,45,11,76,107,0
12,0,1,4,40,13,120,189,0
14,0,0,5,31,16,93,111,0
12,0,0,0,28,12,97,173,0
3,0,1,1,44,23,123,145,0
3,1,1,3,38,11,125,280,0
6,1,1,2,38,17,152,146,0
10,1,1,3,36,20,126,209,0
7,1,1,3,27,10,150,211,1
3,1,1,3,31,22,141,237,0
9,1,1,1,40,14,101,178,1
17,0,0,1,31,19,99,234,0
15,0,0,1,30,14,117,226,0
12,0,0,1,28,16,98,159,1
12,0,0,2,25,9,66,204,0
10,0,0,1,29,8,127,224,0
9,0,0,1,27,9,120,210,1
12,0,0,0,38,14,53,216,0
12,0,0,2,25,12,77,169,1
10,0,0,2,30,12,96,187,0
9,0,0,0,32,9,94,202,0
8,1,1,3,38,55,131,252,0
12,0,0,3,34,17,103,191,0
7,1,1,1,33,15,148,177,0
12,0,0,0,27,8,76,244,1
10,0,1,2,25,16,132,202,1
8,0,0,0,26,8,111,223,0
8,0,1,2,29,13,125,213,0
1,1,1,3,38,18,115,143,1
3,1,1,2,41,12,148,225,1
8,1,1,5,28,15,133,168,0
7,0,1,3,32,19,151,271,0
11,0,0,1,29,9,94,212,0
14,0,0,1,36,9,86,194,0
13,1,0,0,25,9,95,225,0
13,0,1,6,25,30,104,235,0
17,0,0,4,31,17,59,228,0
8,0,0,0,28,9,111,196,0
12,0,0,4,28,13,79,229,0
12,0,0,2,25,10,121,223,0
10,0,1,3,44,16,120,227,0
6,0,0,1,45,8,107,243,0
12,0,0,2,44,25,73,189,0
17,0,1,0,41,10,141,213,0
14,0,1,3,45,11,126,218,0
16,0,0,1,37,30,86,154,1
12,0,1,2,40,25,131,187,0
6,1,0,0,30,8,97,170,0
10,0,0,1,25,8,51,250,0
14,0,0,2,29,10,134,260,0
16,0,1,2,27,15,113,289,0
14,0,0,1,44,10,123,189,0
16,0,1,5,45,55,126,273,0
12,0,1,3,44,47,138,159,0
8,0,1,1,28,23,120,198,0
8,0,0,1,25,14,84,256,0
16,0,0,2,33,15,133,195,0
17,0,0,1,41,17,99,208,0
16,0,0,1,42,16,124,182,0
16,0,0,3,39,19,117,224,0
11,0,0,0,45,11,113,150,0
12,0,1,1,31,13,173,260,1
12,0,0,2,29,13,110,177,0
12,0,0,3,40,14,50,161,1
11,0,1,3,37,11,145,229,1
14,0,0,4,35,16,92,211,0
14,0,0,3,35,26,133,152,0
12,0,0,0,38,8,73,270,0
17,0,0,1,38,9,119,158,0
17,0,0,0,36,8,96,202,0
12,0,0,4,25,11,81,222,0
6,0,0,1,25,9,91,252,0
17,0,0,2,25,16,123,177,0
17,0,0,1,25,22,62,205,0
12,0,0,2,25,12,97,208,0
13,1,0,2,25,14,95,261,0
15,0,0,1,25,11,77,184,0
8,0,0,0,25,14,93,185,0
17,0,0,0,25,8,72,219,0
15,0,0,2,25,13,127,205,0
12,0,1,0,45,8,128,213,1
12,0,0,0,25,9,113,147,0
10,0,0,1,25,28,86,174,0
14,0,0,3,25,12,110,261,0
3,0,0,2,27,15,79,172,0
4,0,0,4,25,15,81,223,0
17,0,0,1,25,16,124,158,1
0,1,1,0,25,9,135,248,1
13,0,0,3,26,23,85,187,1
12,0,0,1,25,15,97,190,0
9,0,0,1,35,9,91,159,0
12,0,0,1,28,13,103,236,0
16,0,0,0,25,11,94,248,1
1,1,1,3,36,8,86,247,0
12,0,0,0,25,9,87,188,0
12,0,0,0,25,9,80,172,0
12,0,0,1,25,10,76,249,0
16,0,0,1,25,10,88,218,0
11,0,0,1,25,9,95,203,0
10,0,0,0,25,8,86,160,1
13,0,0,2,25,26,120,208,1
15,0,0,0,25,10,63,191,0
17,0,0,0,25,14,114,181,0
11,0,0,2,25,8,73,219,1
11,0,0,0,25,10,77,189,1
12,0,0,1,25,9,101,195,0
8,0,0,1,25,15,86,257,0
13,0,0,0,25,11,117,233,1
12,0,0,3,25,11,98,258,0
12,0,0,2,25,9,117,214,1
12,0,0,3,25,14,77,224,0
15,0,0,0,25,8,145,268,1
14,0,1,0,41,9,105,204,1
11,0,0,0,25,10,115,250,0
1,1,0,1,25,12,110,166,0
14,0,0,1,25,11,108,175,1
16,0,0,0,25,9,104,217,0
8,0,1,2,47,10,136,214,0
16,0,0,1,27,12,58,240,0
16,0,0,1,31,8,91,263,0
17,0,0,1,30,18,92,132,0
17,0,0,4,28,14,82,199,0
12,0,0,2,25,14,123,204,1
15,0,0,3,25,16,109,217,0
12,0,0,1,25,12,123,196,1
17,0,0,2,25,12,102,231,1
12,0,0,0,25,13,105,197,1
2,0,0,0,25,8,96,209,0
10,0,0,2,44,8,66,195,1
17,0,0,1,25,8,110,244,1
4,0,0,2,25,10,128,167,0
12,0,0,3,27,15,86,184,0
16,0,0,2,25,10,109,214,0
12,0,0,0,25,12,121,181,0
12,0,0,1,25,15,98,190,1
8,0,0,2,33,10,119,149,0
12,0,0,1,25,11,99,207,0
12,0,0,2,25,8,81,164,0
12,0,0,2,25,13,97,231,1
12,0,0,1,26,8,121,191,0
17,0,0,0,25,8,99,169,0
12,0,0,1,25,13,87,179,0
12,0,1,3,25,25,97,127,0
11,1,0,2,26,8,131,199,0
10,0,0,4,25,26,96,186,1
6,0,0,4,25,14,91,242,0
12,0,0,2,25,11,111,205,0
12,0,0,0,26,13,109,178,0
15,1,1,0,25,15,127,167,1
12,0,0,1,25,11,113,184,0
9,0,1,3,25,12,100,165,1
12,0,0,1,25,10,107,197,0
10,0,0,2,25,16,115,221,0
12,0,1,3,46,10,112,153,1
16,0,0,1,25,14,128,226,1
5,1,1,2,25,17,158,253,1
16,0,0,3,28,12,69,266,0
4,1,0,0,26,8,99,205,0
9,1,0,2,25,25,96,183,0
12,0,0,0,25,8,80,214,0
13,0,0,0,25,10,101,229,0
16,0,0,2,25,18,107,209,0
12,0,0,2,41,11,93,155,0
8,0,1,2,31,10,112,258,0
11,0,0,1,38,11,119,211,0
12,0,1,0,36,11,126,163,1
12,0,1,1,27,13,126,229,0
8,0,1,3,49,12,95,260,0
16,0,0,1,34,11,68,240,0
12,0,0,1,35,9,87,194,1
12,0,1,4,38,19,121,174,1
13,0,1,1,30,12,128,240,1
13,0,0,3,50,8,89,188,0
6,1,1,3,42,9,152,199,0
8,0,0,3,32,29,73,222,0
12,0,0,0,43,10,76,183,1
8,0,0,2,48,11,120,205,1
14,1,0,1,28,15,77,238,1
12,0,1,2,38,17,134,208,0
0,1,1,2,44,20,150,202,0
0,1,0,1,50,8,107,184,0
14,0,0,0,30,9,77,140,0
12,0,0,2,40,29,118,215,0
13,0,1,3,46,12,128,219,1
6,1,1,3,30,12,116,220,0
16,0,0,0,31,14,94,223,0
16,0,0,3,31,19,105,145,1
12,0,0,0,29,8,100,240,0
11,0,1,3,27,10,127,200,0
10,0,1,2,39,12,129,191,0
12,0,0,0,29,8,92,191,0
10,0,1,1,49,11,103,235,1
10,0,0,1,34,13,105,232,0
15,0,0,0,26,12,132,206,0
5,0,0,1,30,10,116,201,1
12,0,0,1,27,14,91,119,1
8,0,1,3,38,16,126,239,0
14,0,0,3,50,15,105,214,0
10,0,0,2,34,15,92,253,1
5,1,0,4,27,17,92,210,0
9,1,1,2,38,17,139,218,0
10,0,0,3,33,11,85,122,0
12,0,1,1,44,16,135,218,0
9,0,0,1,42,11,128,235,0
14,0,0,2,48,28,88,222,0
12,0,1,0,47,11,98,283,1
14,0,0,2,28,48,84,224,0
17,0,0,0,31,13,97,214,0
2,0,1,2,46,14,119,226,0
11,0,1,1,37,17,150,271,0
12,0,0,2,45,12,120,219,0
8,0,0,1,43,11,92,222,0
14,0,1,6,27,18,78,215,0
6,0,1,4,29,16,160,208,1
6,0,0,0,37,10,88,220,0
7,0,1,2,48,8,120,208,0
17,0,1,2,41,21,145,218,1
13,1,0,2,50,14,113,177,0
5,0,0,2,36,15,125,209,0
14,1,1,1,48,11,116,269,0
2,1,0,1,37,10,113,153,1
12,1,0,0,35,9,100,186,0
12,0,0,3,42,18,124,124,0
12,0,0,0,27,8,113,241,0
15,0,1,1,41,10,137,205,0
11,0,1,1,38,16,123,149,0
10,0,1,3,34,32,137,288,0
12,0,1,2,33,8,135,135,0
12,0,1,4,41,14,156,204,0
14,0,1,0,36,18,113,166,0
14,0,1,3,30,62,124,250,1
17,0,1,3,30,17,116,273,1
10,0,0,0,26,36,73,184,0
12,0,0,3,47,9,101,218,0
12,0,0,0,40,8,122,179,0
7,0,1,2,42,8,132,196,1
16,0,0,1,46,10,89,161,0
12,0,0,1,40,16,92,214,1
12,0,1,1,50,10,123,199,0
8,0,0,2,45,10,45,169,0
5,0,1,2,47,10,111,155,1
10,0,0,1,40,9,93,166,0
6,0,1,2,27,8,190,170,0
9,1,0,1,50,12,56,188,0
14,0,0,0,36,10,105,167,1
11,0,0,1,36,12,144,225,0
10,0,0,1,34,9,68,185,1
11,0,1,0,40,8,118,239,0
12,0,1,3,41,18,125,244,1
13,0,0,1,38,15,88,157,0
8,0,1,1,38,19,143,205,0
12,0,0,1,30,8,125,228,1
12,0,0,0,28,17,143,196,1
15,0,0,1,50,10,114,194,0
13,0,0,0,28,16,101,203,0
12,0,0,3,28,13,75,261,0
12,0,0,1,41,13,95,209,0
17,0,0,2,38,18,107,190,1
16,0,0,3,34,33,91,166,1
14,0,0,0,32,17,114,218,0
12,0,0,2,28,8,125,184,1
12,0,0,2,27,11,100,225,0
10,1,1,2,37,16,143,219,0
10,1,1,3,36,16,131,253,1
12,0,1,2,26,21,122,224,1
12,0,0,2,32,13,108,194,0
13,0,0,1,38,8,83,194,1
12,0,1,1,40,14,97,213,0
17,0,0,1,25,12,93,183,0
3,0,0,1,37,9,73,242,0
0,0,0,4,30,16,125,191,0
16,0,0,0,28,14,90,190,0
9,0,1,1,30,20,87,206,0
12,0,0,1,35,9,114,166,0
12,0,1,1,28,22,172,209,0
10,0,1,2,37,12,103,190,0
9,1,1,2,25,10,113,175,0
0,0,0,2,32,10,78,248,0
10,0,0,2,35,17,82,200,1
10,0,0,1,32,13,86,185,1
12,0,0,1,40,11,78,162,0
12,0,0,0,29,11,103,239,1
17,0,1,4,25,26,94,248,1
12,0,0,1,32,22,108,144,1
13,1,1,3,26,17,153,235,0
13,0,1,3,28,14,133,248,0
16,0,1,4,28,28,112,208,1
12,0,0,2,32,14,76,157,0
12,0,1,2,42,20,146,232,1
16,0,0,0,27,12,116,225,1
17,0,0,1,34,8,100,181,0
12,0,1,2,26,22,140,243,1
11,0,1,3,33,19,130,227,0
9,0,0,4,31,12,110,168,0
14,0,1,1,40,9,133,212,0
12,0,0,0,29,8,78,170,0
8,0,1,3,31,8,148,196,0
14,0,0,2,34,14,95,239,0
12,0,0,0,30,9,148,242,0
13,0,1,2,45,19,110,246,0
12,0,1,0,44,8,145,194,0
2,0,0,1,44,9,134,230,0
16,0,0,0,39,8,103,214,0
15,0,1,3,39,9,134,244,1
12,0,1,2,38,10,163,223,1
8,0,0,2,34,23,116,151,0
4,1,0,0,28,8,119,206,0
6,0,1,0,30,9,117,210,1
12,0,1,3,32,25,119,220,1
12,0,0,4,31,19,90,235,0
12,0,0,1,31,12,116,226,1
8,1,0,1,42,9,117,188,0
13,0,0,1,45,20,105,173,0
12,0,0,4,41,27,109,203,0
14,0,0,2,33,14,106,248,0
14,0,1,1,45,12,92,196,1
16,0,0,2,35,16,102,112,0
16,0,0,1,30,13,114,185,1
10,0,0,2,30,9,75,180,1
12,0,1,4,45,20,131,231,1
16,0,0,1,26,17,102,188,1
12,0,0,1,39,11,88,284,0
11,1,0,2,25,11,81,275,0
11,0,0,0,28,20,127,222,0
12,0,0,2,42,23,109,225,1
16,0,0,1,40,11,131,227,0
17,0,1,2,44,31,155,160,0
14,0,0,2,38,27,71,142,0
17,1,0,3,36,52,90,176,0
11,1,0,1,30,22,93,281,0
9,0,0,2,39,12,129,211,0
16,0,1,2,28,10,124,209,0
17,0,0,3,35,13,113,255,0
17,0,0,2,28,10,103,176,0
13,0,0,2,43,17,79,183,0
6,1,0,0,28,13,143,287,0
6,1,0,1,28,9,99,233,1
8,0,0,3,45,13,89,200,0
0,1,0,1,31,12,103,168,1
12,0,1,3,26,31,124,198,1
14,0,0,0,30,12,104,163,0
12,0,0,1,39,8,111,159,1
12,0,1,4,29,28,110,189,0
15,0,1,2,28,13,136,172,1
17,0,0,0,28,11,77,200,1
8,0,0,3,27,12,89,201,0
12,0,0,0,45,13,140,211,0
15,0,0,1,36,11,74,226,0
17,0,0,1,39,25,133,200,0
16,0,1,2,37,15,126,184,0
8,0,0,3,32,16,108,233,0
12,0,0,2,39,15,61,274,1
17,0,0,1,25,10,119,146,0
9,0,0,1,33,10,113,201,0
10,0,0,2,32,13,95,183,1
10,0,1,0,26,9,103,253,0
12,0,0,2,43,16,97,222,0
10,0,1,4,39,14,100,224,0
8,1,1,2,35,8,143,259,0
11,1,1,3,29,10,136,266,0
17,0,0,3,35,19,84,165,0
14,0,0,3,34,14,121,147,0
13,0,1,2,36,15,167,208,0
16,0,0,2,37,31,86,246,0
10,0,1,2,31,11,141,203,0
14,0,0,0,26,15,81,215,0
14,0,0,2,25,10,119,277,0
16,0,0,2,26,12,67,154,1
12,0,1,4,36,51,106,200,0
12,0,0,1,35,12,115,250,0
12,0,1,5,26,14,119,177,0
10,0,0,1,28,8,149,238,0
12,0,0,2,25,10,97,182,1
12,0,0,1,31,15,111,230,0
2,1,1,2,39,13,92,194,0
6,1,1,5,31,17,125,237,0
17,0,0,1,37,14,97,222,0
17,0,0,0,36,8,54,233,0
17,0,0,1,31,8,72,275,0
12,0,0,3,27,14,93,198,1
12,0,0,4,27,14,86,129,0
12,0,0,3,34,15,74,270,0
2,1,0,3,31,15,108,232,0
13,0,0,2,38,24,118,266,0
10,0,1,1,45,22,153,241,1
8,0,1,4,43,18,143,227,1
8,0,0,1,25,11,96,129,0
17,0,1,3,45,13,131,230,0
17,0,1,3,36,13,156,206,0
17,1,1,3,43,17,128,232,0
16,1,0,3,42,13,109,147,1
6,1,1,1,37,13,124,238,1
3,1,1,2,34,11,134,208,0
14,0,1,0,45,13,137,274,0
12,0,0,1,34,30,133,182,0
10,0,0,4,32,21,83,289,0
12,0,0,0,27,8,109,152,1
11,0,0,1,33,15,91,270,0
8,1,0,0,29,8,109,167,0
8,0,1,3,45,16,139,213,0
13,0,0,1,30,11,90,176,1
13,0,1,3,26,24,109,261,1
12,0,0,0,38,21,104,166,0
9,0,0,5,36,22,108,230,1
16,0,0,3,32,21,123,177,1
13,0,0,1,26,9,108,146,0
16,0,0,2,32,12,81,183,0
16,0,0,0,35,8,109,161,0
12,0,0,1,39,22,101,219,1
9,0,1,1,44,11,161,276,0
12,0,1,4,38,15,157,233,0
6,0,0,3,41,17,106,199,0
11,0,0,2,38,16,70,189,1
10,0,0,1,30,9,79,209,0
10,0,0,2,30,12,60,234,0
6,0,1,1,43,18,163,250,1
3,1,1,2,43,13,131,210,1
12,0,0,0,39,11,96,201,0
12,1,1,2,34,17,100,225,0
16,0,0,2,39,12,92,172,0
11,0,1,2,32,13,159,205,0
12,1,1,3,26,17,134,202,0
10,0,1,2,27,11,128,266,0
17,0,0,2,35,36,84,191,0
12,0,0,2,36,22,76,194,1
13,0,1,2,41,15,143,226,0
6,0,1,2,26,14,135,172,0
12,0,1,1,35,23,125,220,0
11,0,0,1,28,21,134,183,0
11,0,0,4,39,40,80,228,0
12,1,1,2,30,10,157,215,1
12,0,0,0,34,12,124,264,1
12,0,0,2,34,10,96,289,0
17,0,0,1,29,18,85,187,0
12,1,1,3,35,14,180,178,0
17,0,0,1,25,29,96,242,0
13,0,0,0,27,8,94,216,0
12,0,0,3,34,23,115,204,0
14,0,0,0,29,11,124,151,0
5,0,0,1,28,11,107,195,0
13,0,0,3,31,17,102,191,0
12,0,0,0,29,9,124,194,0
11,0,0,3,32,12,82,165,1
10,1,1,5,32,28,135,275,0
12,0,1,2,37,11,105,216,0
1,1,0,2,27,11,95,187,0
13,0,0,1,35,10,125,176,0
12,0,0,1,40,19,120,212,0
12,0,0,1,35,9,74,217,0
12,0,0,0,35,8,98,241,0
15,0,0,3,32,8,135,192,0
12,0,0,2,37,12,86,190,0
12,0,1,1,35,18,163,123,0
16,0,0,0,34,9,124,201,0
12,0,0,1,32,9,99,242,0
6,1,1,1,45,14,134,131,0
6,1,1,3,43,16,120,269,0
12,0,1,4,43,11,107,163,0
14,0,0,1,30,16,94,221,1
12,0,1,3,44,9,120,212,0
8,0,1,2,45,17,132,235,0
12,1,0,2,44,13,107,178,1
14,0,0,4,32,17,87,273,0
11,0,1,3,32,20,112,188,1
16,0,0,0,25,10,88,135,0
6,0,1,2,45,14,138,240,0
12,0,0,2,27,15,82,195,1
12,0,0,2,35,18,84,193,1
8,0,0,1,36,10,93,187,0
10,0,0,3,41,12,96,205,1
14,0,0,0,37,16,96,176,1
14,1,0,0,25,9,92,224,0
17,0,0,2,27,17,109,259,1
8,0,0,0,35,26,128,185,1
8,0,0,0,36,30,133,179,0
12,0,0,1,31,10,128,179,1
12,0,0,3,30,13,104,215,1
0,1,1,2,45,14,148,186,0
14,1,1,3,43,17,126,195,0
14,1,0,2,39,15,96,230,0
12,0,0,2,41,28,88,191,0
12,0,1,3,34,10,147,276,0
8,0,1,1,25,10,135,205,0
13,0,0,1,43,11,114,216,0
9,0,0,1,45,13,94,209,0
13,0,0,3,37,10,74,151,0
11,0,0,0,32,8,105,147,0
9,0,1,2,27,14,131,208,1
14,1,1,4,29,11,159,205,1
12,0,0,1,25,16,92,160,0
11,0,0,1,39,12,95,135,0
12,0,0,4,28,20,117,215,1
14,0,0,2,42,11,103,213,1
12,0,0,1,26,12,93,179,1
7,1,1,5,36,22,146,180,0
16,0,1,2,45,35,114,189,0
14,0,1,1,43,9,120,317,0
12,1,0,4,42,10,98,204,0
12,0,1,1,25,14,171,195,0
14,0,1,5,33,14,98,226,0
16,0,1,4,45,18,183,237,1
7,0,1,5,31,17,105,233,0
8,0,1,2,39,16,158,237,1
16,0,0,3,39,15,106,221,0
9,0,0,2,38,8,99,223,0
16,0,0,1,26,22,100,161,0
12,0,1,2,38,18,131,169,0
2,1,0,2,32,10,31,199,0
12,0,0,1,25,11,101,208,0
12,0,1,1,39,18,119,198,1
12,0,0,0,34,21,93,231,1
12,0,1,2,32,21,135,218,0
14,0,0,1,45,10,82,210,0
17,0,0,1,45,10,107,203,0
10,0,1,3,40,16,126,244,0
16,1,0,2,31,17,81,184,1
9,0,0,2,40,15,37,217,1
12,0,0,6,26,13,60,278,1
12,0,0,1,45,12,72,247,1
12,0,0,1,43,14,77,232,0
8,0,0,0,34,8,92,198,0
12,0,0,1,41,9,71,206,0
7,0,0,3,32,14,122,164,0
4,0,0,2,36,17,119,167,1
12,0,0,3,36,11,83,246,1
10,0,0,0,25,12,131,247,0
11,0,0,0,27,9,141,96,1
12,0,0,0,26,12,104,229,0
0,1,0,1,28,9,87,205,0
13,0,0,2,45,14,70,167,0
14,0,1,0,43,10,138,231,0
17,0,0,2,34,12,97,227,0
15,0,0,1,34,11,76,191,0
12,0,0,1,34,16,115,189,1
8,1,1,2,33,10,110,201,0
12,0,0,4,45,23,81,205,1
7,0,0,1,31,10,106,204,1
15,0,1,1,31,15,124,213,0
13,0,0,2,29,9,92,214,1
8,0,0,1,35,9,102,199,0
16,0,1,2,38,10,130,218,0
8,0,0,1,43,12,87,192,1
7,1,1,2,45,15,133,220,0
17,0,0,2,41,13,101,245,0
12,0,0,2,39,13,131,222,1
13,0,0,2,27,25,97,188,0
10,0,1,4,41,17,125,276,1
12,0,0,3,35,16,86,232,0
12,0,0,5,33,10,111,224,0
6,1,0,3,34,26,92,172,0
14,0,0,1,41,22,97,260,1
12,0,0,2,28,16,108,286,0
8,0,0,2,34,19,122,146,0
16,0,0,0,32,16,115,231,0
12,0,0,2,30,10,93,204,0
12,1,1,5,36,18,112,196,1
11,0,0,3,36,23,102,205,1
14,0,0,3,31,11,102,228,1
9,0,0,0,28,12,131,226,0
12,0,1,1,27,11,127,201,1
12,0,1,3,25,12,119,271,0
16,0,0,2,38,15,66,216,1
3,1,0,1,27,10,105,221,0
14,0,0,0,37,11,121,215,1
8,0,0,2,41,13,106,220,0
12,0,0,2,32,8,84,247,0
12,0,0,1,34,9,92,249,0
15,0,1,1,34,16,123,245,0
5,0,1,3,35,13,111,204,0
4,1,0,0,26,8,124,170,0
12,0,0,1,28,10,109,210,0
12,0,0,0,29,10,105,184,0
17,0,0,1,40,10,112,205,0
17,0,0,0,31,10,88,259,0
12,0,0,2,38,10,75,206,0
12,0,0,0,36,8,92,169,1
15,0,0,1,36,13,63,125,0
13,0,0,1,33,9,108,226,1
14,0,0,2,33,11,120,202,0
6,0,0,1,25,12,83,213,0
12,0,0,2,37,12,93,244,0
4,0,0,5,37,9,82,232,0
0,0,1,1,44,10,140,239,1
11,1,0,2,41,10,70,179,1
12,0,0,1,45,12,123,180,0
16,0,1,3,45,20,129,254,1
8,0,0,4,25,19,85,177,1
12,0,0,1,32,9,86,203,0
12,0,0,2,30,9,74,189,0
17,0,1,0,45,8,127,183,0
12,0,1,1,34,8,97,175,1
14,1,0,1,42,19,114,173,0
10,0,0,0,37,12,108,171,0
12,0,1,1,32,9,171,178,0
17,0,0,2,31,13,113,200,0
11,0,1,0,45,9,110,167,0
17,0,0,1,31,9,80,235,0
12,0,1,4,38,16,133,217,0
12,0,0,2,30,15,102,264,1
16,0,0,2,29,18,104,231,1
5,1,1,1,36,10,141,245,0
6,1,1,3,38,10,104,232,0
8,0,1,4,35,26,119,273,0
12,0,0,2,29,8,105,175,0
3,0,1,3,38,13,133,296,0
7,0,0,1,37,15,102,200,0
12,0,1,0,25,8,116,256,1
15,0,0,2,33,16,102,235,0
12,0,0,2,33,16,92,175,0
17,0,0,1,33,11,100,222,0
15,0,1,3,43,19,129,208,0
3,1,0,3,31,21,107,220,1
2,1,0,1,45,11,137,175,0
12,1,1,1,31,20,121,157,1
8,0,0,4,25,15,111,160,1
10,0,0,1,38,8,97,216,1
10,0,0,1,35,16,79,276,0
8,0,1,1,25,31,136,298,1
16,0,0,1,25,17,95,209,0
14,0,0,1,30,15,70,222,0
11,0,0,1,27,11,107,227,0
4,1,1,2,45,14,149,211,0
6,1,1,2,45,16,127,218,0
8,0,0,2,43,9,127,216,0
4,1,0,2,41,15,125,190,0
12,0,0,3,37,10,80,190,1
13,0,0,3,31,18,108,169,0
7,0,1,2,37,8,114,226,1
8,0,1,3,36,9,149,181,0
16,0,0,0,25,8,79,186,0
8,1,0,3,30,16,90,179,1
8,1,1,2,37,11,117,251,1
12,0,0,0,33,11,96,170,1
12,0,1,2,45,10,121,250,0
1,1,0,3,31,12,126,193,1
8,0,0,3,35,11,79,205,1
11,1,1,4,44,24,84,209,0
17,0,0,1,28,13,94,182,0
11,1,1,4,29,25,118,235,1
12,0,1,2,45,10,172,280,0
8,0,1,3,44,30,158,168,0
12,0,1,3,33,9,96,281,1
8,0,1,1,45,8,160,203,1
14,1,1,1,33,16,151,196,0
12,0,0,1,45,11,103,241,0
14,0,1,3,36,21,86,140,1
16,0,1,3,36,10,139,216,0
12,0,0,0,27,11,90,214,0
16,1,1,2,45,25,115,199,1
12,0,1,2,44,13,143,119,0
13,0,0,0,42,8,113,164,0
16,0,0,1,26,24,104,183,0
12,0,0,1,25,10,116,208,0
6,0,1,3,35,11,106,203,1
10,1,0,0,31,8,105,184,0
5,1,1,2,43,14,108,207,0
4,0,1,1,38,10,139,238,1
5,0,0,2,32,12,125,204,0
2,0,0,2,28,22,105,203,0
3,0,0,1,25,20,73,208,0
17,0,1,4,38,18,116,246,0
12,0,1,4,34,16,158,269,0
12,0,0,4,42,23,100,155,0
11,0,0,3,44,16,122,152,0
17,0,0,3,32,51,145,244,1
16,0,0,1,32,10,95,141,1
1,0,1,0,43,9,125,188,1
12,0,0,2,27,17,75,173,1
12,0,0,1,36,10,66,189,0
11,0,0,4,45,13,79,182,0
9,1,0,0,31,8,105,131,1
6,1,1,2,29,22,126,210,0
12,0,0,1,41,8,134,239,0
12,0,0,0,40,8,63,193,0
14,1,0,0,34,8,111,219,0
0,1,1,3,40,11,140,168,0
12,1,0,1,27,16,113,185,0
12,0,1,1,34,12,121,210,0
7,1,1,4,45,28,108,201,1
8,0,0,1,40,12,111,185,0
12,1,0,0,35,15,50,200,0
14,0,0,1,33,17,102,268,1
13,0,0,4,30,14,103,153,0
8,0,0,0,32,8,115,180,0
3,0,1,2,42,11,150,206,1
13,0,0,0,35,8,116,162,1
3,1,0,0,29,8,63,161,0
12,0,0,1,30,12,115,254,0
17,0,0,0,35,12,85,151,0
3,1,1,1,35,15,136,136,0
12,0,0,2,39,13,87,193,1
0,1,1,1,26,21,134,282,0
11,0,0,1,26,8,87,171,1
8,0,0,0,28,8,120,179,1
9,0,0,1,28,11,77,258,1
8,0,0,1,35,8,106,132,0
10,0,0,0,27,12,111,245,1
12,0,0,3,39,9,88,196,1
11,0,0,2,31,9,126,191,0
12,0,0,3,26,19,108,227,1
5,1,0,2,45,10,91,223,1
16,0,0,2,39,10,63,157,1
14,0,0,1,37,12,91,217,0
16,0,0,0,31,11,92,193,1
12,0,0,3,27,12,106,160,0
12,0,1,3,31,31,128,250,1
12,1,0,0,30,10,79,194,0
8,1,0,2,25,15,118,218,1
17,0,0,0,43,9,62,199,0
17,0,0,3,43,15,95,169,0
12,0,0,0,45,16,101,207,0
17,0,0,0,45,11,91,245,0
12,0,0,1,27,12,111,191,1
12,0,0,1,45,11,84,150,0
12,0,0,2,45,14,83,169,0
8,1,1,3,45,18,156,178,0
12,0,0,2,31,23,90,257,0
13,0,1,0,45,11,147,202,0
8,0,1,3,34,15,102,246,0
8,0,1,2,36,11,123,178,1
14,0,0,2,36,8,113,214,0
12,0,0,0,43,8,128,199,0
12,0,0,2,30,13,112,166,1
16,0,1,4,33,30,139,236,0
12,0,1,3,34,15,103,231,0
12,0,0,1,33,15,92,234,0
12,0,1,4,42,11,176,214,0
12,0,0,2,43,16,94,147,1
10,1,1,2,27,17,159,158,1
11,0,0,1,35,15,66,230,1
12,0,1,7,33,15,92,223,0
11,0,1,3,38,22,118,190,1
9,1,1,2,38,12,92,263,0
15,0,0,2,34,12,125,209,0
8,0,0,3,40,13,95,171,0
12,0,0,2,31,11,159,236,0
12,0,0,0,45,15,88,230,0
16,0,0,4,40,21,109,190,0
13,0,1,6,38,38,103,179,1
11,0,0,3,26,8,67,219,0
12,1,0,3,31,14,67,171,0
14,1,1,2,27,19,121,234,0
9,0,1,2,31,32,141,192,0
12,0,1,5,29,11,114,231,1
12,0,0,4,39,33,84,234,1
12,0,0,2,34,20,122,254,0
12,0,0,1,38,20,88,176,0
12,0,0,0,34,8,75,174,1
9,0,1,2,29,12,108,231,0
9,0,0,1,35,11,94,157,0
12,0,0,0,30,20,113,186,0
17,0,1,3,33,20,125,211,0
17,0,0,2,36,12,93,255,1
12,1,0,0,29,9,79,179,0
8,0,0,0,27,11,134,244,0
4,1,0,1,36,11,103,138,0
12,0,0,0,36,12,76,237,0
10,0,0,0,32,9,154,178,0
12,0,1,3,45,38,134,216,0
12,0,1,1,27,15,105,224,0
14,1,1,1,32,9,112,235,1
12,0,0,1,37,10,85,147,0
12,0,0,0,38,8,103,193,1
8,0,0,1,42,13,96,238,0
6,1,1,2,25,13,122,251,0
12,1,1,3,27,17,133,178,0
11,0,1,3,34,19,132,248,0
11,0,0,4,25,25,66,151,0
13,0,0,3,33,25,88,266,0
11,0,0,1,27,9,126,249,1
12,0,1,2,28,11,130,211,0
17,0,1,2,32,23,115,224,0
12,0,1,1,36,14,153,241,0
12,0,0,1,32,16,130,211,0
12,0,0,1,33,10,57,153,0
14,0,0,1,30,20,87,199,0
12,0,0,2,45,17,129,161,0
14,0,1,3,34,14,136,226,0
10,0,1,2,33,15,120,186,0
10,1,1,5,39,114,110,240,1
17,0,1,4,25,31,108,158,0
12,0,0,4,34,14,116,172,1
16,0,0,0,36,16,135,203,0
13,1,0,1,34,10,135,232,0
12,1,0,0,29,8,34,160,0
11,0,0,2,40,13,101,262,0
12,0,0,1,39,10,96,192,0
15,0,0,1,27,8,94,175,0
12,0,0,0,25,8,111,280,0
12,0,0,1,45,8,114,246,1
12,0,0,0,36,11,67,236,0
12,0,0,0,36,9,85,219,0
14,0,0,4,37,14,107,194,1
12,0,0,3,33,10,113,212,0
17,0,0,1,28,13,85,235,0
3,1,0,1,30,11,94,112,0
6,1,0,2,31,13,127,180,1
16,0,1,0,45,9,120,223,0
11,0,0,3,37,18,138,216,1
11,0,0,2,28,9,108,179,0
16,0,0,3,27,42,75,243,1
16,0,0,1,32,10,109,240,0
14,0,0,0,26,9,117,177,0
17,0,0,1,26,10,82,189,1
17,0,0,1,33,14,93,164,1
11,0,0,2,41,32,71,176,0
12,0,0,2,35,14,86,223,0
12,0,0,1,26,14,104,190,0
12,0,0,1,25,9,50,210,1
7,0,0,2,44,19,74,194,1
10,0,0,0,28,11,127,193,0
12,0,0,1,25,8,126,177,1
12,0,0,3,37,9,96,204,1
16,0,1,2,32,25,112,266,0
10,0,0,1,41,10,88,218,0
8,0,0,2,37,14,59,119,0
8,0,0,2,32,18,81,183,0
8,0,0,3,36,17,86,176,0
14,1,1,1,44,11,107,232,0
14,0,0,0,29,8,111,160,1
16,0,0,3,38,8,93,237,0
10,0,0,2,33,12,97,177,0
12,0,0,1,35,23,78,145,1
13,0,0,0,35,12,83,205,1
9,1,1,3,28,20,128,213,0
17,0,0,0,28,8,126,216,0
11,0,1,2,45,9,123,216,0
8,0,0,1,35,11,101,142,1
12,0,0,1,33,19,103,201,0
10,0,0,3,32,19,106,168,0
12,0,0,0,28,8,58,192,1
8,1,1,4,43,13,121,196,1
10,0,0,2,34,9,96,203,0
12,0,0,1,32,13,112,177,0
12,1,0,2,36,19,61,220,1
14,0,1,1,36,21,96,186,1
12,0,0,0,38,15,102,259,1
12,0,0,0,37,10,116,216,1
4,1,0,4,30,15,106,208,1
16,0,0,1,30,13,97,230,0
17,0,0,0,35,11,63,181,0
9,0,0,0,27,9,115,256,1
13,0,0,1,44,10,105,174,1
12,0,0,0,34,11,104,273,0
12,0,1,3,40,16,118,206,0
16,0,1,1,38,8,142,238,0
12,0,1,2,39,15,124,210,0
11,0,1,2,28,18,117,212,0
12,1,0,3,38,9,136,180,0
8,1,1,2,34,9,128,149,1
8,0,0,0,37,9,98,263,0
9,0,1,3,36,21,95,236,0
14,0,0,3,31,30,87,155,0
12,0,1,3,27,24,133,186,0
12,0,0,0,35,11,114,255,0
16,0,1,4,34,12,132,126,0
12,0,1,2,34,10,113,205,1
11,0,1,2,36,15,129,145,0
12,0,1,3,29,24,128,195,0
13,0,1,2,36,9,122,187,0
9,0,1,7,32,30,131,221,0
14,0,0,1,32,11,94,198,1
12,0,0,2,37,15,99,202,0
16,0,0,3,37,14,77,224,0
13,0,0,0,32,21,99,205,0
14,0,0,3,26,13,111,206,0
7,1,1,4,45,13,165,249,0
12,1,0,2,39,16,124,144,0
10,1,0,2,33,10,109,186,0
12,1,1,6,43,10,139,149,1
12,0,1,3,42,14,137,227,0
10,0,0,2,33,10,113,220,1
12,0,0,0,25,9,103,217,0
8,0,0,1,42,14,109,185,1
16,1,1,3,36,15,126,244,1
12,0,1,1,44,17,149,173,0
17,0,0,2,32,27,116,172,0
17,0,0,0,37,9,116,148,0
10,0,0,0,36,13,119,231,0
6,0,1,4,26,23,163,241,0
12,0,0,2,38,10,116,190,1
12,0,0,1,39,12,84,231,0
16,0,0,3,32,20,79,173,0
5,0,1,3,32,17,159,203,0
11,0,1,1,45,13,151,174,0
17,0,1,0,27,9,137,152,0
10,0,0,1,38,9,80,196,0
12,0,1,1,34,24,133,202,0
17,0,0,1,28,12,89,241,0
16,0,0,1,25,21,103,180,0
7,1,1,2,31,11,101,185,0
5,1,1,3,31,9,142,227,0
10,0,0,1,25,9,95,155,0
9,1,0,2,26,9,93,150,0
3,1,0,2,37,18,72,206,1
3,1,0,1,36,15,93,211,0
12,0,1,3,32,13,124,199,0
0,0,0,2,41,24,114,251,0
9,1,1,4,36,17,121,224,1
12,0,1,1,41,10,147,228,0
16,1,0,2,30,13,83,121,0
12,1,0,0,29,15,82,145,0
12,0,0,1,32,8,114,206,1
12,0,0,0,45,8,136,180,0
4,0,0,2,45,9,84,194,0
11,0,1,3,27,14,120,115,1
9,1,0,2,28,8,111,156,0
16,0,0,1,25,8,96,207,0
12,0,0,3,27,22,94,179,0
14,0,0,2,31,9,121,252,0
16,1,0,1,31,9,106,220,1
8,1,1,1,34,12,113,229,0
16,0,0,1,45,37,105,247,0
12,0,1,3,36,13,133,206,1
15,0,0,3,36,22,86,216,0
14,0,0,1,39,15,165,193,0
14,0,0,2,42,21,59,252,0
10,0,1,5,29,21,110,197,0
12,0,0,1,31,8,83,207,1
12,0,1,6,40,19,115,190,1
17,0,0,1,30,11,95,208,1
12,0,0,0,34,14,117,201,1
12,0,0,3,35,12,86,240,1
4,1,0,1,40,17,69,254,0
4,0,0,1,34,19,141,202,0
12,0,0,1,29,15,96,191,0
12,0,1,2,45,18,126,276,0
17,0,0,3,40,17,120,177,1
13,0,0,1,33,17,87,229,0
4,1,0,4,43,10,108,230,0
12,0,0,1,32,13,83,222,1
16,0,0,0,32,21,75,201,0
14,0,1,1,36,20,94,184,0
14,0,1,4,25,21,148,227,0
13,0,0,1,25,15,67,187,0
12,0,1,2,31,9,147,245,0
17,0,0,2,36,15,89,163,0
17,0,0,1,25,26,92,169,0
8,0,0,2,45,12,83,184,0
12,0,1,2,41,11,125,207,0
6,0,1,2,36,14,121,182,1
12,0,1,1,45,12,108,267,0
15,0,0,2,44,16,107,239,1
6,0,0,1,37,8,113,199,0
3,1,1,3,35,13,137,201,1
8,1,0,0,34,8,70,212,0
12,0,1,4,45,18,138,180,0
16,0,0,0,39,11,62,267,1
17,0,0,1,32,11,120,166,0
12,0,0,2,45,16,39,198,1
9,0,0,1,35,12,102,167,0
12,1,0,0,27,8,89,208,0
6,0,0,0,32,8,120,208,1
12,0,1,3,35,11,131,218,1
10,0,0,3,45,21,95,222,0
12,0,1,5,45,17,112,236,0
13,0,0,0,43,8,129,186,0
6,0,0,1,29,9,118,232,0
14,0,1,3,39,11,117,257,0
12,0,0,1,37,9,84,236,0
8,0,0,0,33,12,134,153,1
12,0,0,0,34,8,120,241,0
11,0,0,3,35,11,70,174,0
12,0,0,0,31,8,88,218,0
12,0,0,3,32,10,69,189,0
10,1,1,2,35,12,145,203,1
3,1,0,1,35,13,115,156,1
12,0,0,0,42,8,96,121,0
4,1,1,3,38,9,116,231,0
12,0,0,1,41,8,132,221,0
15,0,0,4,31,15,92,91,0
12,0,1,3,43,23,125,237,1
10,0,1,1,34,8,148,226,0
12,0,0,1,28,10,79,195,0
10,0,0,2,31,15,118,175,0
4,0,0,2,36,15,120,173,0
12,0,0,2,25,11,109,181,1
12,0,0,2,27,10,94,221,0
6,0,0,2,35,12,108,235,1
0,0,0,1,38,17,128,171,1
17,0,0,1,37,22,88,234,0
12,0,0,1,27,19,91,152,0
12,0,1,5,34,32,169,225,1
12,0,0,0,25,8,101,136,0
11,0,1,3,38,15,129,217,0
17,0,0,1,28,9,112,171,0
16,0,0,0,40,9,105,144,1
6,0,0,1,27,8,110,228,0
0,0,1,3,37,14,143,198,1
14,0,0,1,30,16,86,288,0
12,0,0,1,27,9,73,193,1
12,0,0,0,27,8,100,229,0
12,0,0,2,38,8,84,218,1
10,0,0,3,43,9,99,221,1
17,0,1,2,31,23,121,267,0
9,0,0,3,44,13,105,243,0
0,0,1,0,33,8,135,191,0
12,0,1,1,25,13,112,189,0
16,0,0,2,27,17,91,218,0
12,0,0,0,27,9,113,265,0
10,0,1,4,38,25,134,210,1
16,0,0,0,36,21,123,213,0
16,0,0,2,33,16,128,217,0
14,0,0,3,35,22,72,126,1
13,0,0,2,34,21,121,187,0
12,0,0,1,28,9,98,188,0
14,0,0,0,29,8,101,235,1
16,1,0,3,30,13,78,184,0
11,0,1,3,32,12,132,180,1
16,0,1,2,45,18,123,293,1
13,0,0,1,26,12,68,222,0
17,0,1,2,28,9,129,141,0
17,0,0,3,25,9,90,198,1
12,0,1,1,45,17,147,168,0
9,0,1,1,45,9,106,254,0
16,0,1,2,31,12,143,257,1
16,0,0,2,29,19,136,155,0
14,0,0,3,39,12,90,212,0
17,0,0,1,26,8,91,240,1
16,0,0,2,25,15,114,209,0
6,0,1,2,30,8,112,177,1
13,0,0,1,33,9,90,232,0
13,0,0,2,25,12,107,182,0
12,0,0,3,28,15,69,243,1
12,0,1,2,40,25,104,267,0
12,1,1,6,25,29,109,215,1
11,0,0,3,45,22,87,174,0
11,0,0,1,31,12,128,205,0
8,0,0,2,40,14,98,201,0
13,0,0,0,35,14,101,196,0
8,0,0,1,35,19,118,202,0
12,0,0,2,34,19,112,207,0
12,0,0,1,26,9,119,140,0
7,0,1,2,38,14,110,190,1
8,0,1,1,37,11,136,224,0
12,0,0,0,38,9,123,259,0
12,0,0,2,34,12,93,221,1
15,0,1,2,29,28,114,227,0
8,0,0,0,32,9,85,244,1
16,0,0,3,38,17,72,178,0
14,0,0,0,28,15,61,203,0
5,0,0,0,25,13,103,190,0
8,0,0,2,32,14,87,208,0
10,1,1,4,28,16,124,219,0
17,0,0,2,35,43,74,204,1
14,1,0,3,31,25,135,193,0
14,1,0,1,31,22,88,225,1
8,0,0,0,37,9,85,238,0
6,0,1,1,45,10,116,206,1
12,0,0,3,45,19,100,205,0
12,0,0,0,41,9,88,236,1
11,0,0,0,34,15,86,175,0
17,0,0,2,32,17,99,193,0
17,0,0,1,31,22,123,233,0
0,0,0,0,30,11,90,218,0
12,0,1,2,45,10,123,234,0
6,0,1,1,41,14,113,209,0
13,0,0,1,28,20,82,170,0
12,0,0,1,32,12,90,157,0
8,0,0,4,32,16,99,200,0
12,0,0,1,27,19,125,207,0
12,0,0,1,33,21,76,178,0
14,0,0,3,32,15,136,218,0
16,0,1,3,30,21,159,231,0
10,0,1,1,41,10,98,190,0
9,0,1,3,34,35,141,200,1
12,0,0,1,34,15,110,190,0
12,0,0,2,41,10,124,187,0
10,0,0,2,34,10,103,177,1
12,0,0,2,39,20,143,243,0
16,0,0,3,30,23,111,197,0
13,0,0,1,28,8,97,224,1
12,0,0,1,44,8,100,180,0
17,0,0,1,25,10,111,223,1
17,1,0,2,31,19,133,204,0
11,0,1,3,30,13,96,245,0
8,0,1,1,33,15,101,279,0
15,0,1,2,38,19,114,258,0
6,0,0,1,34,11,118,234,1
17,0,0,0,25,11,127,216,0
15,0,0,1,26,11,100,221,0
17,0,0,1,30,13,99,202,1
4,0,1,4,45,11,101,242,1
12,0,0,3,29,16,84,186,0
11,0,0,0,25,10,100,255,0
12,0,1,3,32,23,133,195,1
12,0,1,3,26,19,117,264,0
0,0,0,1,43,10,119,200,1
16,0,0,3,41,22,117,242,0
16,0,0,0,38,25,98,224,0
12,0,0,0,36,10,114,221,0
12,0,1,5,38,20,146,179,0
12,0,0,2,25,13,90,237,0
16,0,0,0,25,13,125,253,0
13,0,0,1,27,9,90,193,0
12,0,1,2,26,13,139,242,0
9,0,0,2,30,11,134,261,0
17,0,0,4,26,12,105,166,1
15,0,0,1,36,23,82,186,1
12,1,1,5,35,22,174,174,0
12,0,0,2,29,20,114,197,0
16,0,0,1,34,14,106,160,0
12,0,0,2,34,13,107,214,1
9,0,1,2,25,11,148,207,1
7,1,1,3,40,13,130,206,0
12,0,0,1,25,20,85,270,0
10,0,1,2,27,10,194,211,0
10,0,0,0,26,12,119,194,1
12,0,0,1,45,17,85,138,0
17,0,0,1,33,15,85,206,0
12,0,0,2,30,21,82,182,0
3,1,0,0,30,8,122,174,0
12,0,1,2,36,19,127,199,0
14,0,0,1,33,23,111,291,0
6,1,1,2,40,19,148,217,1
12,0,0,2,26,12,74,192,0
12,0,0,2,29,11,112,191,1
12,0,0,0,32,15,98,240,0
12,0,0,3,34,17,78,240,1
17,0,0,2,26,8,99,165,0
16,0,0,3,36,12,70,256,0
17,0,0,3,27,15,99,220,0
3,0,0,1,40,9,67,218,1
12,0,0,2,25,13,141,170,1
10,1,1,1,32,9,108,181,0
11,1,1,3,25,10,131,193,0
12,0,1,0,45,12,139,203,1
12,0,1,1,33,8,105,234,0
11,0,1,4,29,25,131,240,1
10,0,0,1,28,14,48,179,1
12,1,1,1,45,11,117,218,1
8,0,1,3,31,18,109,191,1
11,0,0,2,36,9,88,196,0
10,0,1,4,45,17,98,208,0
10,0,0,3,45,11,91,179,0
8,0,0,1,38,9,71,221,0
17,0,0,4,45,18,80,275,0
16,0,0,2,30,11,70,199,0
12,0,0,2,29,18,126,162,1
10,0,0,0,25,8,98,159,0
12,0,1,1,40,9,122,183,0
12,0,0,0,25,13,102,198,0
10,0,0,2,35,12,95,216,0
12,0,0,1,42,8,90,220,0
12,0,0,1,41,17,85,201,0
8,1,1,3,45,45,133,273,0
8,0,0,1,26,24,99,209,0
12,1,1,3,45,31,137,217,1
6,1,0,1,29,8,105,221,1
6,0,0,1,28,8,121,201,0
4,0,0,0,29,10,127,178,0
7,0,1,2,44,20,133,266,0
12,1,0,2,33,15,129,164,0
12,1,0,3,29,15,115,238,0
11,1,1,5,28,19,104,274,0
8,0,0,1,45,11,80,169,0
12,1,0,2,35,12,125,163,0
17,0,0,2,33,12,112,208,0
12,0,0,1,45,18,85,210,0
14,0,1,3,45,22,125,178,0
12,0,0,2,32,11,97,134,0
14,1,1,4,27,14,128,166,1
6,1,1,4,26,14,116,234,0
12,0,0,2,28,15,82,179,0
4,1,1,4,32,10,136,212,0
12,0,0,1,30,15,99,152,0
14,0,0,1,25,8,88,146,0
9,1,0,3,42,14,108,192,1
6,0,0,0,28,8,149,195,0
7,0,0,2,45,12,84,208,0
8,0,1,2,33,9,156,198,0
0,1,0,2,38,12,126,195,0
10,0,1,0,29,12,100,228,1
17,0,0,2,31,8,83,270,0
17,0,1,3,37,10,154,239,1
8,1,1,2,45,12,129,229,0
12,0,0,1,45,12,106,155,0
12,1,1,3,45,36,96,238,0
5,0,1,0,31,9,130,238,0
17,0,0,0,27,13,96,179,0
12,0,0,1,31,10,92,189,0
12,0,0,4,31,19,117,219,0
12,0,0,1,37,11,125,196,1
12,0,0,2,39,12,94,192,0
13,0,0,1,28,9,111,200,0
11,0,0,4,31,14,125,130,1
16,0,0,2,45,11,97,199,1
12,0,0,0,39,10,121,202,0
16,0,0,0,28,8,103,236,1
16,0,1,4,29,23,94,202,1
15,0,0,0,40,8,82,159,0
14,0,0,2,37,11,97,173,0
9,0,0,2,39,9,95,223,0
9,0,0,3,33,11,116,142,0
8,0,0,0,37,9,122,268,0
8,0,0,0,33,8,81,204,0
12,0,1,2,44,25,110,228,0
10,0,0,3,37,16,84,188,1
12,0,0,2,30,10,93,174,0
12,0,0,1,31,10,92,181,0
12,0,0,1,35,15,89,125,0
16,0,0,1,37,14,65,195,1
14,0,1,2,35,24,131,218,0
15,0,0,0,45,9,98,181,1
0,1,0,0,28,8,101,232,0
3,1,0,0,30,8,143,154,1
3,1,1,6,41,22,121,308,0
12,0,0,0,37,17,99,265,1
12,0,0,3,33,11,104,190,0
3,1,1,1,34,9,143,271,0
14,0,1,4,35,12,162,199,0
12,0,1,3,32,15,120,248,0
14,0,1,5,28,13,169,176,0
12,0,0,1,41,14,105,233,0
12,0,0,1,36,23,87,232,0
5,0,1,4,35,24,123,211,0
9,0,1,5,37,24,138,188,0
0,1,1,4,36,18,77,202,1
6,0,1,4,45,12,109,187,0
3,0,1,3,31,14,133,181,0
12,0,1,3,33,15,129,168,0
12,0,1,2,33,20,117,199,0
16,0,0,0,30,12,112,244,1
14,0,0,1,33,12,94,183,1
17,0,0,1,25,14,63,172,0
15,0,0,2,25,12,83,156,0
12,0,0,0,32,8,68,183,0
16,0,1,4,32,14,155,239,0
13,1,1,0,31,14,141,224,0
11,1,1,1,45,16,145,221,0
9,0,0,1,26,11,62,149,0
12,0,0,1,37,18,108,212,0
12,0,0,1,32,9,94,181,0
16,0,0,0,33,12,103,243,0
10,1,0,2,32,22,96,142,0
12,0,1,1,26,14,130,241,0
16,0,1,2,31,21,134,196,1
16,0,0,2,28,17,85,182,0
17,0,1,3,44,8,173,264,0
14,0,0,1,29,13,85,151,0
14,0,1,0,30,10,113,210,0
16,0,0,1,35,24,113,206,1
12,0,0,1,27,22,142,229,0
8,0,1,1,40,8,111,152,1
10,0,0,0,32,12,115,158,0
8,0,1,2,45,16,162,244,0
17,0,1,2,25,12,139,240,1
11,0,0,1,30,12,102,270,0
5,1,0,2,39,10,81,235,0
12,0,0,2,40,24,113,180,0
17,0,0,2,38,16,76,199,0
17,0,0,4,31,20,89,223,0
12,0,0,3,28,16,99,250,0
16,0,1,3,45,11,131,194,0
7,0,0,3,36,13,77,245,0
12,0,1,4,33,12,118,209,0
17,0,0,1,30,12,108,205,0
2,0,1,2,43,15,128,227,0
12,0,1,1,45,9,109,235,0
5,1,1,2,41,12,141,149,1
1,1,1,3,28,21,126,232,0
9,0,0,2,33,18,107,170,0
16,0,0,1,25,14,91,184,1
12,1,1,2,37,20,134,185,0
11,0,0,2,40,9,121,218,1
14,0,0,0,42,8,89,240,0
13,0,0,1,43,8,92,189,1
14,0,0,0,26,12,67,208,0
8,0,0,1,27,9,116,174,0
12,0,0,3,31,21,101,185,0
9,0,1,2,45,17,109,238,0
11,1,1,1,40,14,101,232,1
4,0,0,1,35,9,95,187,0
9,1,0,3,44,13,70,192,0
8,0,0,3,35,14,112,206,0
12,0,1,3,39,22,158,113,0
16,0,0,5,38,41,112,258,0
12,0,0,1,30,12,102,194,0
15,0,0,0,29,14,76,212,0
16,0,0,0,32,11,98,221,1
12,0,0,0,25,8,114,165,0
7,0,0,1,36,10,126,116,0
12,0,0,1,36,10,132,207,0
16,0,0,1,25,10,108,241,0
11,1,1,1,33,14,162,206,1
17,0,0,1,28,8,111,235,0
13,0,0,0,30,8,100,214,0
12,0,0,2,40,25,101,257,0
13,0,0,4,36,23,99,178,0
12,0,0,1,29,13,105,198,0
13,0,0,1,27,15,89,166,0
13,0,0,1,31,8,135,189,1
12,0,0,1,29,11,111,185,0
0,1,0,1,45,10,58,165,0
9,0,1,1,32,17,111,237,0
12,0,0,1,35,15,101,132,1
13,0,1,3,35,37,133,265,0
3,1,1,6,45,16,140,209,1
8,0,0,1,45,10,119,142,1
8,0,0,1,36,11,111,189,1
16,1,0,5,36,23,76,185,0
16,1,1,1,38,22,144,207,0
12,0,0,2,45,11,112,208,0
10,0,0,2,45,15,130,281,0
12,1,1,5,31,43,98,150,0
12,0,1,3,31,9,126,200,0
4,0,1,2,44,13,96,231,0
9,1,0,2,26,20,97,180,0
6,1,1,4,43,20,93,213,0
13,0,1,2,43,13,118,273,1
12,0,0,0,32,11,97,190,0
8,0,1,4,32,9,140,239,0
10,0,1,3,38,21,107,237,0
10,0,0,1,26,10,99,238,0
12,0,1,4,37,18,128,226,1
14,0,0,1,31,14,96,230,1
12,0,0,0,35,9,108,146,0
12,0,0,1,32,13,80,164,0
0,1,0,1,42,12,95,226,0
11,0,0,2,32,15,85,212,0
8,0,1,4,30,21,148,306,1
12,0,1,1,35,8,91,208,0
16,0,0,3,27,18,74,206,0
16,0,0,0,27,14,113,195,0
12,0,1,3,45,13,124,221,0
14,0,0,2,32,8,109,241,0
12,0,0,4,35,9,111,213,0
16,0,0,0,37,12,90,248,0
12,0,1,1,34,17,112,251,0
12,0,0,2,26,22,89,104,1
12,0,1,2,35,16,150,236,1
12,0,0,3,32,21,86,147,1
12,0,0,0,35,8,101,220,0
13,0,0,1,41,12,89,185,0
12,0,1,3,45,18,110,217,0
16,0,0,2,38,8,129,124,0
13,0,0,2,33,12,110,210,1
13,0,1,5,37,28,118,134,1
12,0,1,2,35,23,135,171,0
17,0,0,3,35,16,103,166,1
8,0,0,3,35,25,107,185,0
8,0,0,0,35,9,85,193,0
13,0,0,1,36,10,100,222,0
12,0,0,2,35,10,70,169,0
12,0,0,0,25,14,75,199,0
12,0,0,0,36,11,121,225,1
6,0,1,3,38,12,120,248,0
12,0,1,1,44,12,104,154,0
1,1,1,2,44,17,93,257,0
12,0,1,2,32,28,130,223,0
16,0,0,3,29,10,67,155,0
16,0,1,2,45,22,112,213,0
10,0,0,1,43,10,110,176,0
4,0,0,2,41,12,75,177,1
17,0,0,0,25,9,123,202,0
14,0,0,2,44,9,85,172,0
12,0,0,0,25,12,106,194,1
16,0,0,2,40,17,104,202,1
13,0,0,0,40,8,118,214,0
12,0,0,3,35,20,123,197,0
17,0,0,2,36,17,100,193,0
16,1,0,1,31,8,102,227,0
16,0,0,0,26,8,78,193,0
9,0,1,2,45,12,125,232,1
8,1,0,1,27,14,90,250,0
14,0,0,1,38,12,137,188,0
13,0,0,0,35,15,87,207,0
12,0,0,2,31,9,98,165,1
13,0,0,2,39,18,69,212,0
15,0,0,0,32,8,103,211,0
13,0,0,2,43,22,100,136,0
16,0,0,3,40,35,116,182,0
14,0,0,0,31,18,93,216,0
16,0,0,0,26,11,113,181,0
16,0,0,2,29,10,117,194,0
9,0,1,1,45,16,136,233,1
12,0,1,3,45,11,135,182,0
0,1,0,1,36,10,110,151,0
12,0,1,2,28,14,109,242,1
12,1,1,4,27,10,152,234,0
14,0,0,1,31,8,125,234,0
16,1,1,1,30,14,111,214,1
12,0,1,2,30,13,140,224,0
17,0,1,2,28,8,139,175,0
17,0,1,0,45,10,139,216,0
8,0,0,2,28,12,88,199,1
12,0,0,2,30,9,107,200,0
12,0,0,0,34,9,101,235,0
14,0,0,3,27,13,148,284,0
15,0,0,1,27,11,93,229,0
12,0,0,2,30,12,105,223,0
12,0,0,1,31,24,80,191,1
14,0,0,3,28,16,96,266,0
17,0,0,1,30,15,63,153,0
15,0,1,2,36,19,125,260,0
13,0,1,1,32,10,103,207,1
15,0,0,2,45,15,86,187,0
12,0,1,1,30,10,112,243,1
12,0,1,3,25,16,149,226,0
5,1,0,0,34,11,118,211,0
8,0,0,1,30,8,114,173,0
10,0,0,3,26,12,43,176,0
5,0,0,0,36,12,80,221,0
5,0,0,4,28,13,67,213,0
10,0,1,3,38,10,143,220,1
16,0,0,2,29,15,121,271,0
12,0,0,4,26,13,89,200,1
12,1,0,3,33,22,95,117,0
6,1,1,1,37,8,167,216,0
12,1,0,1,30,8,76,243,0
12,1,0,0,25,8,105,171,0
11,1,0,0,41,15,85,223,1
12,0,0,1,44,11,115,156,1
12,0,0,2,39,17,89,234,0
12,0,0,3,27,18,95,215,0
16,0,0,1,28,14,117,156,0
8,0,1,1,45,12,92,224,0
17,0,0,1,38,18,89,191,0
12,0,0,1,37,19,81,246,1
12,0,0,0,28,20,111,170,0
11,0,0,1,28,10,82,192,0
13,0,0,0,25,9,91,179,0
9,0,0,1,29,16,106,162,1
16,1,0,2,40,10,100,224,0
13,1,0,2,42,10,98,197,0
9,0,0,0,26,9,72,227,1
6,1,0,0,30,13,102,252,0
11,0,1,2,42,10,126,194,1
12,0,1,1,44,16,128,166,0
16,0,0,2,31,12,93,250,0
17,0,1,3,32,15,149,147,0
12,0,1,2,45,18,129,167,1
8,0,1,1,45,10,156,205,0
12,0,0,2,33,12,96,212,0
12,0,1,3,25,31,111,261,0
7,0,1,0,27,8,155,180,0
7,0,0,0,45,15,94,218,0
8,0,1,2,43,29,100,197,0
14,0,1,3,43,16,158,201,0
12,0,1,0,36,8,138,166,0
10,0,0,4,36,14,96,190,0
14,0,0,1,33,11,121,149,0
11,0,0,1,34,11,101,278,0
16,0,0,0,35,8,145,259,0
8,0,1,3,44,9,98,255,1
12,0,0,0,27,12,123,185,1
12,0,1,3,36,13,134,203,1
3,1,1,3,32,23,126,236,0
2,1,1,2,36,8,158,171,1
12,0,0,1,26,19,106,181,0
16,0,0,2,35,12,124,228,1
16,0,0,2,34,14,92,235,0
12,0,0,0,28,8,108,136,0
14,0,0,1,31,10,114,195,0
10,0,0,0,45,8,101,189,1
9,0,0,1,44,9,75,201,0
12,0,0,2,30,18,129,177,0
10,0,0,3,34,16,89,226,0
8,0,0,1,39,9,104,205,1
17,0,1,4,43,30,123,258,0
17,0,1,2,41,12,134,252,1
8,1,1,3,45,13,121,207,0
3,1,1,1,29,14,118,235,1
12,0,0,0,45,9,79,194,0
16,0,0,2,25,10,94,221,0
10,0,0,2,42,29,147,198,0
16,0,0,1,45,18,59,220,0
15,0,0,0,45,8,105,169,1
11,0,0,1,25,13,82,150,1
3,0,0,4,39,38,125,204,1
12,1,1,3,40,24,113,193,0
10,1,1,3,31,24,139,206,0
8,1,1,2,25,17,114,212,0
12,1,0,0,40,10,95,231,0
12,0,0,2,29,18,103,249,0
17,0,0,2,32,12,106,216,0
16,0,0,2,27,19,138,236,0
4,1,1,5,26,12,153,248,0
6,1,1,2,31,9,106,194,0
6,0,1,5,27,10,138,252,0
12,0,0,1,28,20,80,223,0
12,0,0,1,26,10,100,204,0
12,0,0,1,32,19,95,197,1
14,0,0,0,34,9,71,129,0
10,0,0,2,37,11,103,192,1
8,0,0,3,35,12,114,242,0
0,0,1,2,38,11,111,178,0
17,0,0,1,34,31,105,244,0
16,0,0,2,32,29,100,165,1
4,1,0,2,45,25,109,165,0
8,1,0,0,28,10,125,176,1
16,0,0,3,31,21,94,182,0
12,0,0,1,29,10,83,172,1
11,0,0,1,43,9,58,214,1
12,0,0,1,34,17,77,217,1
16,0,0,1,28,14,105,181,1
12,0,0,3,39,16,92,197,0
12,0,0,3,37,21,77,184,0
12,0,1,0,35,8,107,134,0
14,0,0,3,34,20,94,170,0
12,0,0,1,35,9,97,174,1
3,0,1,3,41,21,146,170,0
14,0,0,3,32,11,87,159,0
12,0,0,2,32,22,76,199,0
12,0,1,5,32,16,144,232,0
14,0,0,2,30,17,103,180,0
9,0,0,1,42,15,117,196,0
10,0,0,0,27,8,94,174,0
12,0,0,3,44,14,85,266,0
4,1,1,3,40,16,121,206,0
17,0,0,1,25,8,101,216,0
16,1,0,4,25,15,92,192,0
12,0,1,4,45,12,115,217,1
10,0,1,2,45,19,80,130,0
4,0,1,4,45,8,131,203,0
16,0,0,1,28,15,100,223,0
8,0,0,3,40,22,75,168,0
16,0,1,1,35,13,137,152,0
10,0,1,1,35,12,180,193,0
10,0,1,3,35,15,131,287,1
0,0,1,2,45,10,145,197,1
12,0,1,3,42,16,123,266,0
1,0,0,3,31,16,127,217,0
14,0,1,4,42,38,157,208,0
10,0,1,2,32,24,125,154,0
17,0,0,0,32,8,92,190,1
16,0,0,0,32,9,64,128,1
5,1,1,4,35,24,137,189,1
11,0,1,4,31,23,153,210,0
10,0,0,3,33,9,93,225,0
11,1,1,1,45,8,111,178,0
17,0,0,2,37,16,115,129,0
14,0,0,4,39,29,99,215,0
11,0,0,3,45,19,89,211,0
12,0,0,3,31,16,103,216,1
15,0,0,4,31,48,103,256,0
16,0,0,0,33,20,83,219,1
16,0,1,1,34,11,114,217,0
12,0,0,2,25,19,114,233,0
16,0,0,2,30,19,119,193,0
9,0,0,2,25,12,100,195,0
3,0,0,1,31,10,129,231,1
13,0,1,2,27,25,128,244,1
17,0,0,1,37,13,99,219,0
12,0,0,5,32,27,127,211,0
12,0,0,0,37,9,92,179,1
12,0,0,3,35,13,76,222,0
5,0,1,2,45,14,133,246,0
16,0,0,2,25,12,99,158,0
12,1,0,1,26,9,119,156,0
12,0,1,3,34,37,154,279,1
12,0,1,0,45,12,108,137,0
13,0,0,1,36,20,95,163,0
12,0,0,1,40,13,77,229,0
9,0,1,0,38,11,89,243,0
13,0,1,3,42,10,141,203,0
16,1,0,1,26,9,96,176,0
10,0,1,2,27,10,151,237,1
12,0,0,0,33,9,105,191,0
8,0,0,0,33,10,134,168,0
12,0,1,3,29,22,137,237,1
10,1,1,1,28,10,121,270,0
16,0,0,2,33,13,74,198,1
12,0,0,3,33,13,78,239,1
9,0,0,1,34,12,84,224,0
12,0,0,2,26,10,134,136,0
12,0,0,3,27,12,103,226,1
4,0,0,2,33,8,87,155,0
16,0,0,1,25,12,71,226,1
12,0,1,2,45,18,117,236,0
12,1,0,1,36,16,53,247,0
12,0,0,1,31,12,128,216,0
7,0,0,1,33,14,74,181,0
14,0,0,0,40,19,88,216,0
16,0,0,2,31,14,77,182,1
14,1,1,1,45,16,158,174,1
4,0,1,0,28,15,117,197,0
6,0,0,1,27,13,88,176,0
12,0,0,2,45,8,108,224,1
12,1,1,5,38,12,135,175,0
12,0,0,2,45,10,61,191,1
12,0,0,0,32,12,76,214,0
14,0,0,1,36,13,100,170,1
12,0,0,2,44,18,111,175,0
12,0,1,0,31,22,127,234,0
12,0,0,4,32,15,106,167,0
8,0,1,0,40,8,115,210,0
12,1,0,2,35,12,64,183,1
12,1,1,3,29,16,157,200,0
11,0,1,6,38,23,121,213,1
6,1,0,2,35,17,82,187,0
12,0,0,0,30,10,99,211,0
12,0,0,1,34,13,126,164,0
12,0,0,2,29,10,86,237,1
8,0,1,2,33,18,136,155,0
12,0,0,2,31,9,89,237,0
3,0,1,3,44,19,112,222,0
4,1,1,5,41,27,102,224,0
12,0,0,2,25,13,90,244,0
4,1,1,1,42,10,149,200,1
8,0,0,4,41,13,84,161,0
10,0,0,0,27,12,150,190,0
12,0,1,1,26,11,139,195,1
12,0,0,1,44,15,82,149,0
12,0,0,0,40,8,86,254,0
12,0,0,1,35,9,115,197,0
17,0,0,3,25,11,105,197,1
12,0,1,2,28,8,176,251,1
12,1,0,4,25,11,105,192,0
7,0,0,2,41,8,101,225,0
17,0,0,1,42,12,76,193,0
12,0,0,2,38,13,112,219,0
12,0,0,1,32,10,99,191,0
11,0,0,1,25,12,85,194,0
12,0,0,1,30,12,101,221,0
12,0,0,4,37,12,83,153,1
12,0,0,2,40,9,83,165,1
14,0,0,0,43,10,105,186,0
12,0,0,1,40,20,128,208,0
16,0,0,1,26,11,97,133,0
14,0,0,2,42,10,103,261,1
9,1,1,4,35,17,128,178,1
0,1,1,3,45,15,168,216,0
14,0,0,2,25,14,108,220,0
6,0,0,1,45,9,102,203,0
8,0,1,1,45,58,130,223,1
12,0,1,5,43,21,143,189,0
12,0,1,1,43,10,138,162,0
13,0,0,0,33,10,89,200,0
10,0,1,4,35,16,147,194,0
9,0,0,2,36,12,113,197,1
11,0,0,5,35,11,134,224,0
12,0,0,2,37,17,90,170,0
12,1,0,2,36,13,110,182,0
12,1,0,1,35,8,88,205,0
8,0,1,1,25,15,129,182,1
3,1,1,3,38,17,122,198,1
3,1,1,3,38,17,117,225,0
6,1,0,1,32,27,87,158,0
2,0,0,2,29,12,92,211,1
16,0,0,3,35,18,91,228,0
16,0,0,2,36,20,87,206,0
10,1,0,0,42,14,105,204,0
10,0,0,0,33,8,78,249,0
12,0,0,2,37,10,95,179,1
16,0,1,3,45,14,118,270,0
12,0,0,3,40,18,84,271,0
13,0,0,3,41,48,105,198,0
12,0,1,2,45,9,128,173,1
12,0,0,2,32,19,136,204,0
17,0,1,3,32,16,90,223,0
8,0,0,1,30,18,136,192,0
14,0,0,1,31,17,92,278,1
14,0,1,1,31,8,121,240,0
11,0,0,2,44,21,69,194,0
15,0,0,3,44,42,88,193,0
12,1,0,1,32,13,115,153,1
12,0,0,0,36,48,106,220,1
12,0,0,1,34,13,106,216,0
12,0,1,2,42,11,109,181,0
8,0,0,3,26,13,125,274,0
9,0,0,1,29,8,97,194,0
0,1,0,2,29,13,113,223,0
12,0,1,2,33,21,113,193,0
16,0,0,1,33,15,113,171,0
13,0,0,2,30,10,95,193,0
12,0,0,0,29,13,91,210,0
14,1,1,1,40,24,138,223,1
4,0,0,0,29,8,98,215,0
12,0,0,1,41,12,95,170,0
8,0,0,2,45,11,101,202,0
13,0,0,1,35,13,61,237,0
10,0,1,1,36,10,133,202,0
7,0,1,2,37,10,95,261,0
12,0,0,3,39,14,89,181,0
12,0,0,4,38,12,92,215,1
11,0,0,3,36,11,121,210,1
13,0,1,2,45,12,150,240,0
16,0,1,2,38,24,94,190,0
11,0,0,2,33,11,121,202,1
15,0,0,3,29,10,84,167,0
8,0,0,2,39,9,99,190,0
17,0,1,1,32,14,110,208,1
10,0,1,2,45,10,141,196,0
11,0,1,5,34,24,134,240,0
13,0,0,0,26,9,97,224,1
0,0,0,0,34,8,107,172,0
0,0,0,0,30,13,61,212,1
6,0,1,2,45,8,117,253,0
8,0,1,4,45,10,124,238,0
9,1,0,0,27,8,80,169,0
16,0,0,3,25,11,112,215,0
1,0,0,1,34,10,116,193,0
0,0,0,1,25,9,88,255,0
8,0,1,4,41,19,148,227,0
12,0,1,3,34,21,157,259,1
8,1,0,2,35,11,59,186,1
6,1,0,1,39,9,37,191,0
2,0,1,0,45,10,138,270,1
9,1,1,1,44,19,134,246,1
12,0,1,3,43,19,152,170,0
17,0,0,2,40,14,81,221,1
8,0,0,2,43,12,87,165,0
6,0,0,0,38,12,93,218,0
12,0,1,1,39,15,96,252,0
12,0,0,0,28,9,58,182,1
8,0,0,0,26,10,93,264,1
12,0,0,2,30,8,117,213,0
12,0,0,1,28,10,85,228,0
12,0,1,1,31,17,133,213,1
17,0,0,3,28,18,105,202,1
17,0,0,0,28,10,116,208,1
12,0,0,3,27,16,109,223,0
16,0,0,1,43,24,83,266,0
10,1,1,4,35,15,127,303,0
8,1,1,4,32,15,150,185,1
12,0,0,3,26,21,121,183,0
12,0,0,1,31,9,71,215,0
2,1,1,4,30,10,155,171,1
10,1,0,2,36,14,119,211,0
6,1,0,1,30,10,110,203,0
12,0,0,3,27,11,110,230,0
13,0,1,3,31,56,144,143,0
13,0,0,1,33,8,83,187,0
12,1,0,2,41,11,120,199,0
6,1,1,2,33,12,152,257,0
14,0,0,0,31,11,97,230,0
12,0,0,0,32,10,102,247,0
12,0,0,1,30,15,93,228,0
2,1,1,5,44,12,142,168,0
0,1,1,4,26,21,160,231,0
6,0,1,3,38,13,150,177,1
12,0,0,2,27,8,69,243,0
17,0,1,2,33,10,114,127,0
17,0,0,2,28,9,32,180,0
16,0,0,1,30,23,115,215,0
15,0,0,1,34,9,57,186,0
13,0,0,0,31,10,104,284,0
8,0,0,0,33,10,90,153,0
8,0,0,2,45,37,101,191,0
8,0,0,2,45,16,87,212,0
16,0,0,2,32,15,111,154,1
17,0,0,3,36,14,100,221,0
14,0,0,2,36,11,82,205,0
12,0,1,0,35,8,167,164,0
12,0,0,0,31,8,88,199,0
7,0,0,2,30,10,125,226,0
8,0,1,1,39,9,126,213,0
17,0,0,4,32,19,90,273,1
16,0,1,1,33,27,119,227,1
8,0,1,4,33,17,139,227,0
12,0,0,3,30,16,123,215,0
12,0,0,2,32,21,58,227,0
12,0,0,1,43,8,79,172,1
7,0,1,1,32,10,108,179,0
9,1,1,3,32,10,94,209,0
13,0,0,1,44,15,113,191,1
12,0,0,0,27,14,122,259,0
15,0,0,3,25,15,83,151,0
14,0,0,3,29,13,101,200,1
3,0,0,0,34,8,105,163,0
6,1,1,2,42,28,165,223,0
6,1,1,3,29,18,74,211,1
12,1,1,1,45,13,126,240,0
17,0,0,2,25,13,134,243,0
16,0,0,2,26,12,91,253,1
9,0,1,3,39,12,108,261,0
12,0,0,0,41,12,88,223,0
12,0,0,1,41,10,134,189,0
13,0,0,2,39,11,111,162,0
11,0,0,4,37,23,74,216,0
6,1,1,2,37,49,129,232,0
6,0,0,3,31,16,74,231,0
11,1,1,2,28,8,129,126,0
12,0,1,0,25,10,114,256,1
5,1,0,1,38,13,87,180,0
8,0,1,1,30,11,98,170,0
7,0,0,2,45,10,126,191,0
12,0,0,0,45,13,77,216,1
12,0,0,2,31,12,114,233,0
12,0,0,3,35,9,115,246,0
12,0,0,3,25,24,98,201,0
12,0,1,2,35,31,120,233,0
11,1,1,2,41,19,129,265,0
6,0,1,3,45,15,124,184,0
14,0,1,3,32,14,162,214,0
14,0,1,2,32,8,117,195,1
14,0,0,1,30,11,58,167,0
2,1,0,2,45,12,114,196,0
12,0,1,4,31,27,134,192,0
7,0,0,1,36,11,102,237,1
8,0,1,2,45,12,137,223,0
16,0,0,0,45,8,84,229,0
12,0,1,1,45,8,106,260,0
15,0,1,5,37,26,118,192,0
12,0,1,4,36,18,88,199,1
10,0,0,2,45,10,114,201,0
12,0,0,0,31,8,160,200,0
12,0,0,0,25,9,101,206,1
13,0,0,2,26,13,109,209,0
12,0,0,2,25,10,111,152,0
9,0,1,1,25,8,124,229,0
12,0,0,1,28,9,105,171,0
13,0,0,2,32,9,103,229,0
16,0,1,2,34,11,138,196,0
14,0,1,2,35,8,112,249,0
13,0,0,0,35,25,124,203,0
12,0,0,0,33,14,112,224,0
11,0,0,0,35,10,84,253,1
5,0,1,4,45,12,139,231,0
13,0,0,0,33,8,96,208,1
12,0,0,3,30,12,63,176,0
12,0,0,2,28,12,140,225,1
9,0,1,3,30,20,114,242,1
17,0,0,2,26,11,109,161,0
12,0,1,4,26,29,96,223,0
15,0,0,4,30,19,105,206,0
12,0,0,3,31,12,107,154,0
12,0,1,4,36,15,149,268,1
7,0,1,3,41,22,101,217,0
12,0,1,4,32,17,165,319,0
13,1,0,1,28,8,118,248,0
8,0,1,4,45,19,115,219,0
8,0,0,1,43,15,117,262,0
12,0,0,0,37,15,103,237,0
12,0,1,4,38,39,153,206,0
12,0,0,0,32,9,99,204,0
13,0,0,3,25,9,130,245,0
14,0,0,0,27,8,108,165,0
14,0,0,3,45,12,94,201,0
12,0,0,0,29,8,119,187,0
12,0,0,0,27,8,87,204,0
17,0,0,0,26,13,98,221,1
16,0,0,0,26,12,100,167,0
4,0,0,1,36,8,109,236,1
4,0,0,2,32,11,121,120,0
12,0,0,2,28,30,95,218,0
12,0,1,2,42,24,115,214,1
9,0,0,0,36,8,114,225,1
11,0,0,2,31,11,118,218,1
12,0,0,3,45,16,115,161,0
12,0,0,3,35,19,122,191,0
12,0,0,2,39,11,87,196,0
10,0,1,3,31,26,97,234,0
5,0,0,0,33,8,127,225,0
6,0,0,2,31,15,158,178,0
6,0,1,1,35,17,124,237,0
4,0,1,0,45,8,123,240,0
17,0,0,0,27,13,94,176,1
12,0,0,1,29,10,105,166,1
6,1,0,1,32,14,94,177,0
8,1,0,3,33,8,99,211,0
12,0,0,1,29,10,116,181,0
8,1,1,4,30,25,135,151,0
8,0,1,1,35,12,150,109,0
10,0,1,2,45,14,160,171,0
3,0,1,5,25,17,119,262,0
3,0,1,2,29,12,106,187,0
7,0,0,4,38,15,120,244,1
8,0,1,1,45,9,127,227,0
17,0,0,1,32,8,68,161,1
16,0,0,2,29,27,144,170,0
17,0,1,3,31,38,142,214,0
17,0,0,1,28,9,101,200,1
17,0,1,2,29,27,110,246,0
14,0,0,1,37,15,61,199,0
4,0,0,1,32,15,106,192,1
3,0,0,1,29,18,74,191,1
3,0,1,3,33,13,132,207,0
8,1,0,3,37,15,98,204,0
8,0,1,1,42,18,132,221,0
0,1,0,0,30,14,121,148,0
0,1,0,0,33,8,95,176,0
10,0,1,3,45,25,132,229,0
14,0,0,1,41,11,141,196,0
10,0,0,0,45,8,92,162,0
4,0,0,0,30,8,110,175,0
6,0,0,1,25,11,93,177,0
12,1,1,1,43,18,193,184,0
13,0,0,0,43,11,123,265,1
11,0,0,2,40,10,101,207,0
16,0,0,3,31,26,98,194,0
12,0,0,2,39,20,80,216,0
13,0,1,2,40,31,113,245,1
10,0,1,3,26,10,148,173,0
1,0,0,2,29,12,104,149,0
17,0,0,1,34,13,92,148,0
16,0,0,1,31,14,107,207,0
16,0,0,1,30,16,113,223,1
17,0,0,2,33,11,96,213,0
17,0,0,1,34,11,92,177,1
12,0,0,2,28,13,97,181,1
17,0,0,0,34,15,124,153,0
17,0,0,1,30,24,111,161,0
16,0,1,4,45,16,132,184,1
17,0,0,0,25,15,76,163,1
16,0,0,2,40,19,126,152,0
15,0,0,4,38,16,97,229,1
14,0,0,0,41,13,119,199,0
11,1,1,3,44,23,139,186,0
16,0,0,0,25,11,115,186,1
14,0,0,3,28,10,93,205,0
12,0,1,1,38,13,109,239,1
15,0,0,4,39,15,98,185,0
11,1,0,1,40,11,102,230,0
17,0,1,1,45,10,128,200,1
16,0,1,2,32,29,150,231,0
12,0,0,2,32,23,91,215,1
17,1,0,0,32,8,98,184,0
12,0,0,0,44,10,98,231,1
13,0,1,1,30,10,137,239,0
0,1,0,1,34,11,98,232,0
5,1,0,0,31,8,100,221,1
5,1,0,2,27,8,133,223,1
16,0,0,3,39,23,74,176,1
13,0,0,1,39,14,96,245,0
12,0,0,2,37,28,120,230,0
12,0,0,3,33,17,60,221,0
9,0,0,1,29,11,130,219,1
16,1,0,4,26,28,129,209,1
16,1,0,1,28,16,164,176,0
14,0,0,3,33,16,123,231,0
12,0,0,1,32,14,136,184,0
8,1,1,3,32,12,148,215,0
12,1,1,5,38,50,115,249,0
12,0,0,3,36,15,132,177,0
12,0,0,4,42,15,61,192,1
12,0,0,0,25,8,107,243,1
12,0,0,0,38,8,59,225,0
12,0,0,1,40,9,104,271,0
12,0,0,1,38,10,46,201,0
14,0,0,2,37,26,159,216,1
17,0,0,1,33,11,114,199,0
12,0,0,1,35,12,89,173,0
12,0,0,0,45,17,70,230,0
15,0,1,2,31,12,138,212,0
10,1,1,2,38,22,141,221,0
12,0,1,4,45,15,134,176,0
15,0,1,3,28,38,138,207,1
14,0,0,3,38,32,88,238,1
16,0,0,2,35,8,111,186,1
12,0,1,2,27,20,105,160,0
12,0,0,2,40,11,85,195,1
8,0,1,1,42,9,122,213,0
12,0,1,4,45,33,150,216,0
14,0,0,4,32,16,106,194,1
12,0,0,2,27,8,109,192,0
0,1,0,0,33,8,92,168,0
9,0,1,2,41,14,123,180,1
11,0,0,2,39,14,88,190,0
12,0,1,3,26,22,114,233,0
12,1,1,8,31,14,162,211,0
12,0,0,1,40,14,104,220,0
10,0,0,0,38,12,101,207,1
15,0,0,2,42,11,109,140,0
14,0,0,1,44,12,120,272,0
9,0,0,0,39,9,67,232,0
11,0,0,1,25,9,67,244,0
12,0,0,0,34,11,113,138,0
16,0,0,1,45,8,90,207,1
10,0,0,2,26,13,55,200,1
16,0,1,3,30,26,136,189,1
12,0,0,1,28,8,102,186,0
12,0,0,4,35,13,74,221,0
13,0,0,2,35,10,101,137,0
15,0,0,3,42,10,114,183,0
12,0,0,0,29,8,87,184,0
11,0,1,1,34,11,124,193,0
12,0,0,3,28,11,91,233,0
13,0,0,1,39,12,96,137,0
16,0,0,0,41,16,80,262,0
11,1,0,3,31,10,126,191,0
6,0,0,1,45,9,84,215,0
3,1,0,2,38,10,97,308,0
12,0,0,2,39,10,121,204,0
2,0,0,2,27,9,77,202,0
15,0,0,3,26,14,110,193,1
15,0,0,3,35,13,79,257,0
12,0,0,2,41,15,104,258,1
11,0,0,0,37,19,108,180,0
16,0,0,2,38,15,101,237,0
3,0,0,0,37,8,93,154,0
14,0,0,1,26,14,86,189,0
12,0,1,2,28,18,156,212,0
11,0,0,0,25,9,123,143,0
11,0,0,2,27,9,91,222,0
12,0,0,1,30,8,120,211,1
17,0,0,1,30,8,74,157,1
12,0,0,1,25,10,105,148,0
0,0,1,4,30,31,113,245,0
10,1,0,0,37,8,156,180,0
12,0,1,3,45,13,101,177,1
9,1,1,1,30,14,163,155,1
17,0,0,0,28,9,97,148,0
12,0,0,0,33,12,73,245,0
4,0,0,2,39,16,82,209,1
12,0,0,1,29,12,125,251,0
6,1,1,3,37,23,146,275,1
16,0,0,3,34,10,86,150,0
8,0,1,0,43,19,138,198,0
12,0,0,0,33,8,88,246,0
12,1,0,2,32,13,68,268,0
12,0,0,2,27,9,114,175,0
10,0,0,2,28,9,75,147,0
13,0,1,4,35,52,155,238,0
12,0,1,5,34,16,155,259,0
9,0,1,5,35,10,93,191,0
16,0,0,4,25,22,104,245,0
13,0,0,3,25,25,78,185,0
15,0,0,2,26,30,106,220,0
12,0,0,0,31,9,90,136,0
17,0,0,2,32,14,68,140,0
13,0,0,3,45,9,91,213,0
10,1,1,3,27,14,141,231,1
12,0,1,3,45,15,160,236,1
16,0,0,1,34,16,85,200,1
14,0,0,0,29,10,74,165,0
6,1,1,4,38,16,112,256,0
8,0,0,2,38,9,108,172,1
8,0,0,3,35,9,96,243,0
8,0,1,2,34,24,140,223,1
17,1,1,4,43,20,119,204,1
12,0,0,3,36,18,70,282,1
1,0,0,1,37,11,119,222,0
12,0,0,1,33,10,80,238,0
12,0,0,1,29,12,138,229,0
16,0,0,1,34,9,121,132,0
16,0,0,1,29,17,95,250,1
12,0,0,3,41,13,103,208,0
12,0,1,2,26,12,88,275,0
12,0,1,1,33,9,147,204,1
13,0,0,2,32,14,94,211,0
13,0,0,2,29,10,88,190,0
15,0,0,3,30,14,97,179,0
8,0,0,3,45,11,121,204,1
6,1,0,3,30,17,111,213,0
0,0,0,3,30,44,88,251,1
13,0,0,0,35,16,49,207,1
16,0,0,0,33,12,57,234,1
12,0,0,2,29,15,107,219,0
17,0,0,1,29,14,92,243,1
12,0,0,2,44,12,131,167,0
10,0,0,2,32,28,88,182,0
12,0,0,1,43,14,97,218,0
16,0,0,1,32,10,74,212,1
9,1,1,3,28,21,142,280,0
16,0,1,2,29,12,93,175,0
7,0,0,1,45,11,65,182,0
12,0,0,3,30,11,122,175,1
7,0,1,3,45,23,109,217,0
12,0,1,3,40,24,131,200,1
10,0,1,5,43,20,103,240,0
16,0,0,1,41,22,60,202,0
13,0,0,0,36,14,43,158,0
12,0,1,2,41,14,122,171,0
12,0,1,5,43,12,123,226,0
3,1,1,5,27,9,148,234,1
13,0,0,2,36,14,72,174,0
8,0,0,0,33,9,120,162,1
8,1,0,0,29,8,83,250,0
14,0,0,1,26,13,125,123,1
12,1,1,4,32,10,139,275,0
6,1,1,1,27,20,148,173,0
3,1,1,1,26,17,126,187,1
17,0,0,3,26,9,64,218,0
6,0,0,1,36,10,71,144,0
11,0,1,3,43,34,158,293,0
10,0,0,0,29,18,117,121,0
14,0,1,2,25,12,144,209,0
12,0,0,0,25,10,75,205,0
12,0,0,2,35,19,67,254,0
16,0,0,2,36,22,98,188,0
12,0,0,2,31,13,72,273,0
14,0,1,2,39,17,150,182,0
8,0,1,2,45,12,123,158,0
17,0,0,1,30,17,78,160,1
15,0,0,0,31,11,104,180,1
14,0,0,2,31,10,62,200,0
12,0,0,1,45,17,125,171,0
12,0,0,2,41,14,109,197,0
13,1,1,3,25,13,153,181,0
14,0,0,1,36,22,69,190,0
14,0,0,1,27,10,85,178,1
12,0,0,2,26,17,93,180,0
12,0,0,1,27,12,129,149,0
14,0,0,1,25,8,95,168,1
12,0,1,2,35,18,159,264,0
12,0,0,1,44,10,96,180,0
5,0,1,3,31,19,99,180,0
8,0,0,1,43,11,110,259,1
12,0,0,2,25,11,82,216,1
12,0,0,3,27,21,100,212,0
5,1,1,4,45,13,133,247,0
16,0,0,1,30,13,119,162,0
6,0,1,2,43,10,121,196,0
12,1,1,3,45,23,97,226,1
9,0,1,6,32,16,157,168,1
13,0,0,2,40,14,118,198,0
3,0,1,2,27,22,120,225,0
4,0,1,1,25,18,154,209,0
